breed_slug,platform,account_name,profile_url,handle,followers_seen,note,date_added,status
agouti-husky,FB,Bama Huskies,https://www.facebook.com/bamahuskies/,@bamahuskies,,Breeder page posting agouti pups,2026-07-15,new
agouti-husky,FB,Life with Husky (group),https://www.facebook.com/groups/lifewithhusky/,group,,Large husky group with agouti threads seen,2026-07-15,new
agouti-husky,FB,Obi Agouti Husky,https://www.facebook.com/obiagoutihusky/,@obiagoutihusky,119,Likes; dog blog page,2026-07-15,new
agouti-husky,FB,Siberian huskies AGOUTI WOLF GREY MOSTLY BLACK,https://www.facebook.com/huskyagouti/,@huskyagouti,2757,Likes; agouti-color page,2026-07-15,new
agouti-husky,IG,Agouti Husky Dog,https://www.instagram.com/agoutihuskies/,@agoutihuskies,,Agouti feature page,2026-07-15,new
agouti-husky,IG,Spooky the Agouti Husky,https://www.instagram.com/spooky.the.agouti.husky/,@spooky.the.agouti.husky,53,"SoCal, AKC purebred",2026-07-15,new
agouti-husky,IG,The Agouti Husky Sleddog Team,https://www.instagram.com/the.agouti.husky.sleddogteam/,@the.agouti.husky.sleddogteam,,4-dog sled team account,2026-07-15,new
agouti-husky,IG,Winter the Agouti Husky,https://www.instagram.com/wintertheagoutihusky/,@wintertheagoutihusky,1307,AZ dog account,2026-07-15,new
american-bully,FB,American Bully & Friends,https://www.facebook.com/groups/lovemybully/,group,,Owner group,2026-07-15,new
american-bully,FB,American Bully Club of So Cal,https://www.facebook.com/groups/180501232142437/,group,,Regional club group,2026-07-15,new
american-bully,FB,American Bully Fans Club,https://www.facebook.com/groups/americanbullyfansclub/,group,,Fan group,2026-07-15,new
american-bully,FB,American Bully Kennel Club (ABKC),https://www.facebook.com/TheABKC/,@TheABKC,,"Official registry page, Fredericksburg VA",2026-07-15,new
american-bully,FB,NABA — National American Bully Association,https://www.facebook.com/nationalamericanbullyassociation/,page,,Pilot for UKC AB national club,2026-07-15,new
american-bully,FB,United American Bully Association,https://www.facebook.com/p/United-American-Bully-Association-61559635625452/,page,,Breed association page,2026-07-15,new
american-bully,FB,Venomline / Texas Size Bullies,https://www.facebook.com/Venomline/,@Venomline,,FB arm of Venomline breeder program,2026-07-15,new
american-bully,FB,XL XXL XXXL American Bullys,https://www.facebook.com/groups/AmericanBully/,group,,XL-focused group,2026-07-15,new
american-bully,IG,760 Toadline,https://www.instagram.com/760gottiline/,@760gottiline,,Exotic micro/pocket line,2026-07-15,new
american-bully,IG,American Bully,https://www.instagram.com/americanbully_/,@americanbully_,348K,"Breed promo page, 8K+ posts",2026-07-15,new
american-bully,IG,American Bully / Exotic Bully,https://www.instagram.com/americanbully/,@americanbully,234K,Breed promotion page,2026-07-15,new
american-bully,IG,American.Bully.Oficial,https://www.instagram.com/american.bully.oficial/,@american.bully.oficial,90K,Bully aggregator (possibly non-English — verify before outreach),2026-07-15,new
american-bully,IG,BigOBullies,https://www.instagram.com/bigobullies/,@bigobullies,18K,"XL AB breeder, Florida",2026-07-15,new
american-bully,IG,Buddha FL Bully,https://www.instagram.com/buddhaflbully/,@buddhaflbully,,"Exotic trindle pocket bully, Orlando",2026-07-15,new
american-bully,IG,GP American Bully Kennel,https://www.instagram.com/gpbulls/,@gpbulls,,Kennel account,2026-07-15,new
american-bully,IG,Short Stack Bullies,https://www.instagram.com/shortstackbullies_/,@shortstackbullies_,,"Nano/micro exotic breeder, CA",2026-07-15,new
american-bully,IG,Stunning American Bully,https://www.instagram.com/stunning_americanbully/,@stunning_americanbully,47K,XL/XXL bully niche,2026-07-15,new
american-bully,IG,TheABKC,https://www.instagram.com/theabkc/,@theabkc,,Official ABKC registry account,2026-07-15,new
american-bully,IG,Trinity Exotic Bullies,https://www.instagram.com/teb_mr_microbully214/,@teb_mr_microbully214,,"Micro/pocket exotic breeder, Dallas TX",2026-07-15,new
american-bully,IG,True Exotic Bully,https://www.instagram.com/truexoticbully/,@truexoticbully,19K,Micro exotic bully niche,2026-07-15,new
american-bully,IG,XB American Bully Micro,https://www.instagram.com/americanbullymicro/,@americanbullymicro,153K,Micro/exotic bully niche,2026-07-15,new
australian-labradoodle,FB,ALAA,https://www.facebook.com/alaalabradoodles/,@alaalabradoodles,,US association page,2026-07-15,new
australian-labradoodle,FB,ALAUK Australian Labradoodles,https://www.facebook.com/Australianlabradoodleassociationuk.co.uk/,page,,UK association page,2026-07-15,new
australian-labradoodle,FB,Adam's Australian Labradoodles,https://www.facebook.com/amazingsouldogs/,@amazingsouldogs,,US breeder page,2026-07-15,new
australian-labradoodle,FB,Aussie Labradoodle,https://www.facebook.com/AussieLabradoodle/,@AussieLabradoodle,,US multi-gen breeder page,2026-07-15,new
australian-labradoodle,FB,Australian Labradoodle Association,https://www.facebook.com/alalabradoodles/,@alalabradoodles,,Australian founding association (since 1998),2026-07-15,new
australian-labradoodle,FB,Australian Labradoodle Owners (group),https://www.facebook.com/groups/690166386288506/,group,,Active owners group (breed-identity chat threads seen),2026-07-15,new
australian-labradoodle,FB,Australian Labradoodles Worldwide Owners & Fans,https://www.facebook.com/groups/australianlabradoodlesowners/,group,,Global owners/fans group,2026-07-15,new
australian-labradoodle,FB,Mountain Creek Labradoodles,https://www.facebook.com/mountaincreeklabradoodles/,@mountaincreeklabradoodles,,Greenville SC breeder page,2026-07-15,new
australian-labradoodle,FB,WALA,https://www.facebook.com/walalabradoodles/,@walalabradoodles,,Worldwide association page,2026-07-15,new
australian-labradoodle,IG,ALAA,https://www.instagram.com/alaalabradoodles/,@alaalabradoodles,"9,000",Official US association account,2026-07-15,new
australian-labradoodle,IG,Amelia Island Doodles,https://www.instagram.com/ameliaislanddoodles/,@ameliaislanddoodles,"3,108",Multigenerational ALD breeder (US),2026-07-15,new
australian-labradoodle,IG,Australian Labradoodle Association,https://www.instagram.com/australian_labradoodle_assoc/,@australian_labradoodle_assoc,,Association account,2026-07-15,new
australian-labradoodle,IG,Barney the Australian Labradoodle,https://www.instagram.com/barneytheaustralianlabradoodle/,@barneytheaustralianlabradoodle,,UK individual dog account,2026-07-15,new
australian-labradoodle,IG,Blessed Day Doodles,https://www.instagram.com/blesseddaydoodles/,@blesseddaydoodles,"3,004",Kansas City ALD + Goldendoodle breeder (Tera Mueller),2026-07-15,new
australian-labradoodle,IG,Canadoodles,https://www.instagram.com/canadoodles/,@canadoodles,"1,528",Canadian home-raised ALD breeder,2026-07-15,new
australian-labradoodle,IG,Lily Hill ALD,https://www.instagram.com/lilyhillald/,@lilyhillald,922,SE UK breeder,2026-07-15,new
australian-labradoodle,IG,Ozzy the Australian Labradoodle,https://www.instagram.com/the.ozzy.tails/,@the.ozzy.tails,17K,Individual ALD in Southern California — biggest ALD dog account found,2026-07-15,new
australian-labradoodle,IG,Ripleys Australian Labradoodles,https://www.instagram.com/ripleysaustralianlabradoodles/,@ripleysaustralianlabradoodles,"2,227",UK 5-star council-registered home breeder,2026-07-15,new
australian-labradoodle,IG,Tora's Australian Labradoodles,https://www.instagram.com/toralabradoodles/,@toralabradoodles,"5,501",Scotland licensed breeder,2026-07-15,new
australian-labradoodle,IG,Willows Labradoodles,https://www.instagram.com/willows_australian_labradoodle/,@willows_australian_labradoodle,"9,039",SE England home breeder — largest UK ALD breeder account seen,2026-07-15,new
belgian-malinois,FB,ABMC — American Belgian Malinois Club,https://www.facebook.com/groups/malinoisclub/,group,,Official parent-club group,2026-07-15,new
belgian-malinois,FB,American Belgian Malinois Rescue,https://www.facebook.com/AmericanBelgianMalinoisRescue/,@AmericanBelgianMalinoisRescue,,Rescue page (Amherst Junction WI); also group /groups/1389286684645077/,2026-07-15,new
belgian-malinois,FB,Asgard Malinois,https://www.facebook.com/asgard.malinois/,@asgard.malinois,,Mal content page (viral video seen),2026-07-15,new
belgian-malinois,FB,Belgian Malinois Club,https://www.facebook.com/belgianmalinoisclub/,@belgianmalinoisclub,"5,866 likes",Enthusiast page + linked group,2026-07-15,new
belgian-malinois,FB,Belgian Malinois Dog Owners,https://www.facebook.com/groups/544472324228298/,group,,Owner group,2026-07-15,new
belgian-malinois,FB,Belgian Malinois Owners,https://www.facebook.com/groups/875593134371926/,group,,Owner group,2026-07-15,new
belgian-malinois,FB,Belgian Malinois Owners UK,https://www.facebook.com/groups/850442027095287/,group,,UK owner group,2026-07-15,new
belgian-malinois,FB,Montana Belgian Malinois and Dutch Shepherd Rescue,https://www.facebook.com/mtmalidutchrescue/,@mtmalidutchrescue,,Regional rescue page,2026-07-15,new
belgian-malinois,IG,Belgian Mal Memes,https://www.instagram.com/belgianmalmemes/,@belgianmalmemes,10K,Meme account,2026-07-15,new
belgian-malinois,IG,Belgian Malinois IG,https://www.instagram.com/belgian_malinois.ig/,@belgian_malinois.ig,176K,Breed fan account,2026-07-15,new
belgian-malinois,IG,Belgian Malinois Tails,https://www.instagram.com/belgianmalinoistails/,@belgianmalinoistails,730,Rehomed police dog story account,2026-07-15,new
belgian-malinois,IG,Bella Maligator,https://www.instagram.com/bella_belgianmalinoiscanecorso/,@bella_belgianmalinoiscanecorso,146K,Mal + Corso household — covers 2 of our 3 breeds,2026-07-15,new
belgian-malinois,IG,Dallas Belgian Malinois,https://www.instagram.com/dallasbelgianmalinois/,@dallasbelgianmalinois,766,"Breeder account, Dallas TX",2026-07-15,new
belgian-malinois,IG,Duke the Belgian Malinois,https://www.instagram.com/mal_duke_pr/,@mal_duke_pr,,Dog account,2026-07-15,new
belgian-malinois,IG,Instamalinois,https://www.instagram.com/instamalinois/,@instamalinois,93K,Breed fan account,2026-07-15,new
belgian-malinois,IG,Life With Malinois (Loryn Cook),https://www.instagram.com/life.with.malinois/,@life.with.malinois,27K,Named owner-creator — good quote prospect,2026-07-15,new
belgian-malinois,IG,Malinois Army,https://www.instagram.com/malinois.army/,@malinois.army,98K,Daily Mal posts,2026-07-15,new
belgian-malinois,IG,Malinois Lovers,https://www.instagram.com/malinois_lovers/,@malinois_lovers,210K,Breed account w/ training resources,2026-07-15,new
belgian-malinois,IG,Monkey the Malinois,https://www.instagram.com/monkey_the_malinois_official/,@monkey_the_malinois_official,"1,468",London-based dog account,2026-07-15,new
belgian-malinois,IG,The Belgian Malinois,https://www.instagram.com/malinoisthebelgian/,@malinoisthebelgian,"5,737",Mal/K9 fan account,2026-07-15,new
bernedoodle,FB,Bernedoodle Buddies,https://www.facebook.com/BernedoodleBuddies/,@BernedoodleBuddies,,"Family-raised bernedoodles page, Lexington OH",2026-07-15,new
bernedoodle,FB,Bernedoodle Lovers Community,https://www.facebook.com/groups/1056063079179164/,group,,Enthusiast group,2026-07-15,new
bernedoodle,FB,Bernedoodle Lovers Group,https://www.facebook.com/groups/1442051563191691/,group,,Enthusiast group,2026-07-15,new
bernedoodle,FB,Bernedoodle Owners Group,https://www.facebook.com/groups/1291697651459782/,group,,Active owners group (breeder-referral + care posts seen),2026-07-15,new
bernedoodle,FB,Bernedoodle lovers,https://www.facebook.com/groups/bernedoodleloversd/,group,,Enthusiast group,2026-07-15,new
bernedoodle,FB,Bernedoodle.do,https://www.facebook.com/bernedoodledo/,@bernedoodledo,,Page of bernedoodledo.com content site,2026-07-15,new
bernedoodle,FB,Bernedoodles and Co California,https://www.facebook.com/bernedoodlesandco/,@bernedoodlesandco,12K likes,CA puppies page,2026-07-15,new
bernedoodle,FB,Rocky Mountain Bernedoodles,https://www.facebook.com/rockymountainbernedoodles/,@rockymountainbernedoodles,,Breeder page (bernedoodlebreeder.com),2026-07-15,new
bernedoodle,IG,Beloved Bernedoodles,https://www.instagram.com/belovedbernedoodles/,@belovedbernedoodles,"6,495",SoCal breeder,2026-07-15,new
bernedoodle,IG,Benji The Bernedoodle,https://www.instagram.com/lilmanlife/,@lilmanlife,587K,"Van-life bernedoodle, biggest breed account found",2026-07-15,new
bernedoodle,IG,Bernedoodle Hoodoodles,https://www.instagram.com/bernedoodle_hoodoodles/,@bernedoodle_hoodoodles,,Puppy/breeder account,2026-07-15,new
bernedoodle,IG,Bernedoodles of Insta,https://www.instagram.com/bernedoodlesofinsta/,@bernedoodlesofinsta,,Community/feature account — reposts owner dogs; strong fit for vote-rally content,2026-07-15,new
bernedoodle,IG,Bernie Doodle in LA,https://www.instagram.com/berniedoodleinla/,@berniedoodleinla,,Owner account,2026-07-15,new
bernedoodle,IG,Bernie The Bernedoodle,https://www.instagram.com/berniebernedoodle/,@berniebernedoodle,"1,185",Bay Area F1 mini owner account,2026-07-15,new
bernedoodle,IG,Boomer the Mini Bernedoodle,https://www.instagram.com/boomer_the__bernedoodle/,@boomer_the__bernedoodle,"1,600",F1 mini owner account,2026-07-15,new
bernedoodle,IG,Down Home Doodle,https://www.instagram.com/downhomedoodle/,@downhomedoodle,106K,Breeder+trainer Samantha Nelson (site downhomedoodle.com),2026-07-15,new
bernedoodle,IG,Great Lakes Bernedoodles,https://www.instagram.com/greatlakesbernedoodles/,@greatlakesbernedoodles,"2,746","Breeder, standard/medium/mini",2026-07-15,new
bernedoodle,IG,Moose the Mini Bernedoodle,https://www.instagram.com/moose_bernedoodle/,@moose_bernedoodle,,Owner account,2026-07-15,new
bernedoodle,IG,Renowned Bernedoodle Puppies,https://www.instagram.com/renowned_bernedoodle_puppies/,@renowned_bernedoodle_puppies,"2,241",Breeder account,2026-07-15,new
bernedoodle,IG,Walnut Valley Puppies,https://www.instagram.com/walnutvalleypuppies/,@walnutvalleypuppies,18K,IL bernedoodle breeder,2026-07-15,new
bernese-mountain-dog,FB,BMD Club of Great Britain,https://www.facebook.com/BMDCGB/,@BMDCGB,,Official UK club page,2026-07-15,new
bernese-mountain-dog,FB,BMD Club of Nashoba Valley,https://www.facebook.com/bmdcnv/,@bmdcnv,,New England club since 1981,2026-07-15,new
bernese-mountain-dog,FB,BMD Club of Northern California,https://www.facebook.com/bmdcnc/,@bmdcnc,,Regional club,2026-07-15,new
bernese-mountain-dog,FB,BMD Club of SE Wisconsin,https://www.facebook.com/BMDCSEW/,@BMDCSEW,,Regional club page,2026-07-15,new
bernese-mountain-dog,FB,BMD Rescue for BMDCW,https://www.facebook.com/bernerrescueNYNJPA/,@bernerrescueNYNJPA,,NY/NJ/PA rescue volunteers,2026-07-15,new
bernese-mountain-dog,FB,Bernese Mountain Dog (group),https://www.facebook.com/groups/bernesemountaindog/,group,,Active owner group (advice/meetup posts seen),2026-07-15,new
bernese-mountain-dog,FB,Bernese Mountain Dog Club of America,https://www.facebook.com/bmdca/,@bmdca,"21,047 likes",Official parent-club page,2026-07-15,new
bernese-mountain-dog,FB,Bernese Mountain Dog Club of Canada,https://www.facebook.com/BMDCC/,@BMDCC,,National club page,2026-07-15,new
bernese-mountain-dog,FB,Bernese Mountain Dog Lovers,https://www.facebook.com/BMDLovers/,@BMDLovers,"61,115 likes",Owner/admirer community page,2026-07-15,new
bernese-mountain-dog,FB,Bernese Mountain Dogs in the Rockies,https://www.facebook.com/bmd.org/,@bmd.org,,Rocky Mountain community,2026-07-15,new
bernese-mountain-dog,FB,Chattahoochee Valley BMD Club,https://www.facebook.com/CVBMDC/,@CVBMDC,,Official SE regional club & rescue (Atlanta),2026-07-15,new
bernese-mountain-dog,FB,Chicago Berner Club,https://www.facebook.com/ChicagoBernerClub/,@ChicagoBernerClub,,Local meetups/play dates,2026-07-15,new
bernese-mountain-dog,FB,Sierra West BMD Club,https://www.facebook.com/SWBMDC/,@SWBMDC,,Regional club page,2026-07-15,new
bernese-mountain-dog,IG,Bernese Daily,https://www.instagram.com/bernesedaily/,@bernesedaily,114K,"""Daily dose of Berner addiction"" fan page, 1,840 posts",2026-07-15,new
bernese-mountain-dog,IG,Bernese Hub,https://www.instagram.com/bernesehub/,@bernesehub,,Fan page,2026-07-15,new
bernese-mountain-dog,IG,Bernese Mountain Dog Lovers,https://www.instagram.com/bernesemountaindoglovers/,@bernesemountaindoglovers,160K,Community/fan page,2026-07-15,new
bernese-mountain-dog,IG,Bernese Mountain Dogs,https://www.instagram.com/bernesemountaindogs/,@bernesemountaindogs,24K,"Fan page, exact-match handle",2026-07-15,new
bernese-mountain-dog,IG,Bernie in Maine,https://www.instagram.com/bernieinmaine/,@bernieinmaine,"1,134","Individual dog, Maine",2026-07-15,new
bernese-mountain-dog,IG,Breaking Trail Berners,https://www.instagram.com/breakingtrailberners/,@breakingtrailberners,,Adventure/outdoors Berners,2026-07-15,new
bernese-mountain-dog,IG,Kevin the Berner,https://www.instagram.com/itskevintheberner/,@itskevintheberner,141K,Individual dog account,2026-07-15,new
bernese-mountain-dog,IG,Klueso Kapel,https://www.instagram.com/kluesokapel_bmd/,@kluesokapel_bmd,67K,Perth dog; handle+count seen in helloBARK roundup snippet (URL constructed from handle),2026-07-15,new
bernese-mountain-dog,IG,Mack the Berner,https://www.instagram.com/mack_the_berner/,@mack_the_berner,45K,"Individual dog, Adelaide Australia",2026-07-15,new
bernese-mountain-dog,IG,Mini Mountain Puppies,https://www.instagram.com/mini_bernese_mountain_dogs/,@mini_bernese_mountain_dogs,"9,573",Miniature Berner breeder,2026-07-15,new
bernese-mountain-dog,IG,Paradise Bernese Mountain Dogs,https://www.instagram.com/paradisebernesemountaindogs/,@paradisebernesemountaindogs,"4,472",Family breeder,2026-07-15,new
bernese-mountain-dog,IG,Swiss Mountain Bernese,https://www.instagram.com/swissmountainbernese/,@swissmountainbernese,872,"AKC breeder, SE Idaho",2026-07-15,new
bernese-mountain-dog,IG,The Berner Bunch,https://www.instagram.com/thebernerbunch/,@thebernerbunch,541K,Rescue Berners — biggest Berner IG found,2026-07-15,new
bernese-mountain-dog,IG,Uschi the BMD,https://www.instagram.com/uschi_the.bernese.mountain.dog/,@uschi_the.bernese.mountain.dog,,Individual dog account,2026-07-15,new
cane-corso,FB,CCAA,https://www.facebook.com/CCAAOfficial/,@CCAAOfficial,,Parent club page,2026-07-15,new
cane-corso,FB,Cane Corso Group,https://www.facebook.com/groups/947098943774712/,group,,Breed group,2026-07-15,new
cane-corso,FB,Cane Corso Owner's Group of Upstate NY,https://www.facebook.com/groups/527455054779236/,group,,Regional owner group,2026-07-15,new
cane-corso,FB,Cane Corso Owners,https://www.facebook.com/groups/2613258815478724/,group,,Owner group,2026-07-15,new
cane-corso,FB,Cane Corso Owners & Lovers,https://www.facebook.com/groups/canecorsoplanet/,group,,Owner group,2026-07-15,new
cane-corso,FB,Cane Corso Rescue,https://www.facebook.com/CaneCorsoRescue/,@CaneCorsoRescue,,National rescue's page,2026-07-15,new
cane-corso,FB,The Cane Corso Club Of America,https://www.facebook.com/groups/thecanecorsoclubofamerica/,group,,Club-branded group,2026-07-15,new
cane-corso,FB,The Cane Corso Group,https://www.facebook.com/groups/2208815579/,group,,Long-running breed group,2026-07-15,new
cane-corso,FB,The Cane Corso Working Group,https://www.facebook.com/iccfworking/,@iccfworking,,Working-character preservation page,2026-07-15,new
cane-corso,FB,West Coast Cane Corso Rescue,https://www.facebook.com/westcoastcanecorsorescue/,@westcoastcanecorsorescue,,"FB-only rescue, listed on CCAA rescue page",2026-07-15,new
cane-corso,FB,Western Mass Cane Corso Community,https://www.facebook.com/WesternMassCaneCorso/,@WesternMassCaneCorso,,Regional community page,2026-07-15,new
cane-corso,IG,Americana Cane Corso,https://www.instagram.com/americana_cane_corso/,@americana_cane_corso,20K,US breeder account,2026-07-15,new
cane-corso,IG,Apriori Best Cane Corso,https://www.instagram.com/apriori_best_canecorso/,@apriori_best_canecorso,96K,"Show kennel, 6x World Winner",2026-07-15,new
cane-corso,IG,CCAA,https://www.instagram.com/canecorsoassociationofamerica/,@canecorsoassociationofamerica,,Parent club account,2026-07-15,new
cane-corso,IG,Cane Corso Brasil,https://www.instagram.com/canecorso.brasil/,@canecorso.brasil,54K,Brazil-based fan account (likely Portuguese),2026-07-15,new
cane-corso,IG,Cane Corso Gram,https://www.instagram.com/cane.corso.gram/,@cane.corso.gram,139K,Cute-Corso content account,2026-07-15,new
cane-corso,IG,Cane Corso Ins,https://www.instagram.com/cane_corso_ins/,@cane_corso_ins,143K,Largest Corso fan account seen,2026-07-15,new
cane-corso,IG,Canil Cave Cane,https://www.instagram.com/canecorsobrasil/,@canecorsobrasil,40K,Brazil kennel (likely Portuguese),2026-07-15,new
cane-corso,IG,Drax the Corso,https://www.instagram.com/drax_the_corso/,@drax_the_corso,97K,Grand Champion; 1M on TikTok — big crossover reach,2026-07-15,new
cane-corso,IG,Mad River Cane Corso,https://www.instagram.com/madrivercanecorso/,@madrivercanecorso,,Breeder account (pairs with website row),2026-07-15,new
cane-corso,IG,Matt King Corso,https://www.instagram.com/matt_king_corso/,@matt_king_corso,48K,"Australia, guardian-training content",2026-07-15,new
cane-corso,IG,Rivalry Cane Corso (Django),https://www.instagram.com/canecorso_django/,@canecorso_django,,Dog account,2026-07-15,new
cane-corso,IG,Thoroughbred Cane Corso,https://www.instagram.com/thoroughbredcanecorso/,@thoroughbredcanecorso,77K,LA breeder (email on website — pairs with website row),2026-07-15,new
cane-corso,IG,West Coast Cane Corso Rescue,https://www.instagram.com/west_coast_cane_corso_rescue/,@west_coast_cane_corso_rescue,34K,Rescue with real social reach — strong outreach target,2026-07-15,new
cavapoo,FB,Cavapoo & Co,https://www.facebook.com/cavapooco/,@cavapooco,,"""Go-to source for all things Cavapoo"" page",2026-07-15,new
cavapoo,FB,Cavapoo Community (education & referrals),https://www.facebook.com/groups/2049640502015853/,group,,Education/referral-focused group,2026-07-15,new
cavapoo,FB,Cavapoo Lovers & Owners Group,https://www.facebook.com/groups/7674216555956965/,group,,Lovers + owners group,2026-07-15,new
cavapoo,FB,Cavapoo Owners,https://www.facebook.com/groups/cavapooowners/,group,,Large owners group,2026-07-15,new
cavapoo,FB,Cavapoo Owners Group,https://www.facebook.com/groups/1109524262736296/,group,,Second owners group,2026-07-15,new
cavapoo,FB,Official UK Cavachon And Cavapoo Society,https://www.facebook.com/groups/1385451595037733/,group,,UK society group,2026-07-15,new
cavapoo,FB,The Cavapoo Club,https://www.facebook.com/Cavapooclub/,@Cavapooclub,"6,150 likes","Community page, photo/video sharing",2026-07-15,new
cavapoo,IG,Benji the Cavapoo,https://www.instagram.com/mybuddybenji/,@mybuddybenji,238K,"Top cavapoo influencer, Indiana",2026-07-15,new
cavapoo,IG,Cavapoo Peach,https://www.instagram.com/cavapoopeachy/,@cavapoopeachy,,"Owner account, seen in ""best cavapoo IG"" results",2026-07-15,new
cavapoo,IG,Cavapoo Sally,https://www.instagram.com/cavapoo/,@cavapoo,,Owns the bare @cavapoo handle,2026-07-15,new
cavapoo,IG,Cavapoo World,https://www.instagram.com/cavapooworld/,@cavapooworld,,Cavapoo community/feature account,2026-07-15,new
cavapoo,IG,Cavapoos of Ontario,https://www.instagram.com/cavapoosofontario/,@cavapoosofontario,"2,398","Regional cavapoo community, Canada",2026-07-15,new
cavapoo,IG,Cooper the Cavapoo,https://www.instagram.com/cavapoo_cooper/,@cavapoo_cooper,12K,"""Retired doggie influencer,"" US east coast — ""chicken nugget with legs""",2026-07-15,new
cavapoo,IG,Grace's Puppies,https://www.instagram.com/gracespuppies/,@gracespuppies,,Cavapoo breeder account,2026-07-15,new
cavapoo,IG,India the cutest Cavapoo,https://www.instagram.com/india_cavapoo/,@india_cavapoo,"4,298",UK owner account,2026-07-15,new
cavapoo,IG,Kaia the Toy Cavapoo,https://www.instagram.com/kaiathetoy/,@kaiathetoy,"1,497",Toy cavapoo owner account,2026-07-15,new
cavapoo,IG,Kathy's Cavapoo Puppies,https://www.instagram.com/kathyscavapoos/,@kathyscavapoos,"2,254","Breeder, Chattanooga TN",2026-07-15,new
cavapoo,IG,My Cavapoos,https://www.instagram.com/mycavapoos/,@mycavapoos,"2,054","F1 cavapoo breeder, Washington state",2026-07-15,new
cavapoo,IG,Southern California Cavapoos,https://www.instagram.com/socal.cavapoos/,@socal.cavapoos,"4,673","Family breeder account, SoCal",2026-07-15,new
cavapoo,IG,The Cavapoos Of Insta,https://www.instagram.com/cavapoo_insta/,@cavapoo_insta,436,"Community account, user-submitted cavapoo photos — feature-swap prospect",2026-07-15,new
chocolate-lab,FB,Chocolate Lab Lovers (group),https://www.facebook.com/groups/1756947484474765/,group,,Breed-dedicated group,2026-07-15,new
chocolate-lab,FB,Chocolate Lab Lovers (page),https://www.facebook.com/chocolatelablovers/,@chocolatelablovers,2748,"Page welcoming chocolate/black lab pics + stories (2,748 likes)",2026-07-15,new
chocolate-lab,FB,Chocolate Labrador Retriever (group),https://www.facebook.com/groups/3239397852796395/,group,,Breed-dedicated group,2026-07-15,new
chocolate-lab,FB,Labs4Rescue,https://www.facebook.com/labs4rescue,@labs4rescue,,Rescue's official page (runs adoption/fundraising events via FB),2026-07-15,new
chocolate-lab,IG,BoJack the Chocolate Labrador,https://www.instagram.com/bojackthelab/,@bojackthelab,102000,"NY/NJ, biggest breed-dedicated account found",2026-07-15,new
chocolate-lab,IG,Charlie (Lab Way Nesquik),https://www.instagram.com/labrador.chocolate.charlie/,@labrador.chocolate.charlie,,Chocolate lab account,2026-07-15,new
chocolate-lab,IG,Charlie the Chocolate Dog,https://www.instagram.com/chocolatedogcharlie/,@chocolatedogcharlie,,Cancer-survivor story account (via WWR roundup 2019),2026-07-15,new
chocolate-lab,IG,Hershey the Chocolate Labrador,https://www.instagram.com/hersheythechoclab/,@hersheythechoclab,,Individual dog account,2026-07-15,new
chocolate-lab,IG,Hunter the Chocolate Lab,https://www.instagram.com/hunters_adventures/,@hunters_adventures,77000,"Outdoor adventure chocolate lab (""over 77K"" per Wear Wag Repeat)",2026-07-15,new
chocolate-lab,IG,Labs of Insta,https://www.instagram.com/labs_of_insta/,@labs_of_insta,370000,All-lab feature account — repost/feature outreach target,2026-07-15,new
chocolate-lab,IG,Lotte the Labrador,https://www.instagram.com/lotte_thechocolate/,@lotte_thechocolate,,"Chocolate lab, photo-forward (via WWR roundup)",2026-07-15,new
chocolate-lab,IG,MyLabraChildren,https://www.instagram.com/mylabrachildren/,@mylabrachildren,,British labs incl. chocolate (via WWR roundup),2026-07-15,new
chocolate-lab,IG,Nala the Labrador (DogSwiss),https://www.instagram.com/dogswiss/,@dogswiss,50000,"Chocolate lab in the Swiss Alps (""almost 50K"" per Wear Wag Repeat)",2026-07-15,new
chocolate-lab,IG,Oscar the English Labrador,https://www.instagram.com/oscar.the.goof/,@oscar.the.goof,,Goofy English chocolate lab (via WWR roundup),2026-07-15,new
chocolate-lab,IG,Posie,https://www.instagram.com/chocfullofposie/,@chocfullofposie,,Via Wear Wag Repeat roundup (2019 — verify still active),2026-07-15,new
chocolate-lab,IG,Reagan the Chocolate Lab,https://www.instagram.com/hanginwithreagan/,@hanginwithreagan,25000,English chocolate lab,2026-07-15,new
chocolate-lab,IG,Scout the Chocolate Lab,https://www.instagram.com/chocolate_lab_scout/,@chocolate_lab_scout,14000,"""Super sweet, sometimes nutty""",2026-07-15,new
chocolate-lab,IG,Sully the Chocolate Lab,https://www.instagram.com/sullythechocolatelab/,@sullythechocolatelab,,Individual dog account,2026-07-15,new
chocolate-lab,IG,"Willow, George & Henry",https://www.instagram.com/willow.rose.adventures/,@willow.rose.adventures,,Multi-lab snuggle-pic account (via WWR roundup),2026-07-15,new
chocolate-lab,IG,World of Labradors,https://www.instagram.com/worldoflabs/,@worldoflabs,507000,"All-lab feature account, 2,638 posts",2026-07-15,new
cockapoo,FB,Cockapoo Owners (group),https://www.facebook.com/groups/cockapooowners/,group,,Large public owners group,2026-07-15,new
cockapoo,FB,Cockapoo Owners Club (UK) (group),https://www.facebook.com/groups/cockapooclub/,group,,UK owners club group (linked to weebly club site),2026-07-15,new
cockapoo,FB,Cockapoo Owners Club (group),https://www.facebook.com/groups/cockapooownersclub/,group,,Second owners-club group,2026-07-15,new
cockapoo,FB,Cockapoo Rescue GB,https://www.facebook.com/cockapoorescuegb/,@cockapoorescuegb,,FB page of the rescue charity,2026-07-15,new
cockapoo,FB,Reactive & Anxious Cockapoo Support Group,https://www.facebook.com/groups/2432402047005850/,group,,Niche support group — engaged owners,2026-07-15,new
cockapoo,FB,The Cockapoo Club (Doodle Puppy Support) (group),https://www.facebook.com/groups/thecockapooclub/,group,,Family-friendly puppy support group,2026-07-15,new
cockapoo,FB,The Cockapoo Club (page),https://www.facebook.com/thecockapooclub/,@thecockapooclub,,Breed community page,2026-07-15,new
cockapoo,FB,The Cockapoo Community,https://www.facebook.com/thecockapoocommunity,@thecockapoocommunity,,Community page,2026-07-15,new
cockapoo,IG,Cockapoos of Instagram,https://www.instagram.com/cockapoosofinstagram/,@cockapoosofinstagram,20K,Community/feature account — ideal repost target,2026-07-15,new
cockapoo,IG,Freya & Frankie,https://www.instagram.com/freya.and.frankie/,@freya.and.frankie,,IG of the freyathecockapoo.com blog — combined web+social prospect,2026-07-15,new
cockapoo,IG,Graham,https://www.instagram.com/cockapoograham/,@cockapoograham,~20K,"NYC cockapoo (""InstaGraham"")",2026-07-15,new
cockapoo,IG,Kona the Mini Cockapoo,https://www.instagram.com/cockapookona/,@cockapookona,128K,"Hawai'i ""professional teddy bear""; training + travel content",2026-07-15,new
cockapoo,IG,Luna the Mini Cockapoo,https://www.instagram.com/lunatheminicockapoo/,@lunatheminicockapoo,1M,Mega-account (Jared & Luna) — top of the breed,2026-07-15,new
cockapoo,IG,Marley and Mabel,https://www.instagram.com/cockapoomarley/,@cockapoomarley,,Liverpool/London pair,2026-07-15,new
cockapoo,IG,Miss Darcy,https://www.instagram.com/missdarcysadventures/,@missdarcysadventures,20K+,"London travel cockapoo, visited 26 countries",2026-07-15,new
cockapoo,IG,Mochi,https://www.instagram.com/mochimoo.thecockapoo/,@mochimoo.thecockapoo,10K+,NYC cockapoo,2026-07-15,new
cockapoo,IG,Nugget,https://www.instagram.com/nugget_thecockapoo/,@nugget_thecockapoo,50K+,"Berlin-based, English-friendly content",2026-07-15,new
cockapoo,IG,Ontario Cockapoo Breeder,https://www.instagram.com/cockapoos.ca/,@cockapoos.ca,"6,561",Mississauga Ontario breeder,2026-07-15,new
cockapoo,IG,Poppi and Oscar,https://www.instagram.com/two.london.poos/,@two.london.poos,,Red fox cockapoos in London,2026-07-15,new
cockapoo,IG,Sushi,https://www.instagram.com/sushisaid/,@sushisaid,~28K,Also 900K+ on TikTok — video creator/doggie model,2026-07-15,new
dachshund,FB,Dachshund Club of America Inc,https://www.facebook.com/p/Dachshund-Club-of-America-Inc-100064666782496/,page,,Parent club page,2026-07-15,new
dalmatian,FB,Dalmatian Club of America,https://www.facebook.com/DalmatianClubofAmerica/,page,,Official parent-club page,2026-07-15,new
dalmatian,FB,Dalmatian Owners,https://www.facebook.com/groups/dalmatianowners/,group,,General owners group,2026-07-15,new
dalmatian,FB,Dalmatian Owners & Preservation Breeders United,https://www.facebook.com/groups/dalmatianownersunited/,group,,Owners + breeders mix,2026-07-15,new
dalmatian,FB,Dalmatian Owners Group UK,https://www.facebook.com/groups/672619216090432/,group,,UK owners group,2026-07-15,new
dalmatian,FB,Dalmatian Owners of America,https://www.facebook.com/groups/DalmatianOwnersOfAmerica/,group,,Active US owners group,2026-07-15,new
dalmatian,FB,Save the Dalmatians,https://www.facebook.com/savethedals/,@savethedals,,Rescue page,2026-07-15,new
dalmatian,IG,Charlie,https://www.instagram.com/charlie.the.dalmatian/,@charlie.the.dalmatian,92.5K,"Rare long-coated Dal, Charlotte NC",2026-07-15,new
dalmatian,IG,Dalmatians of Instagram,https://www.instagram.com/dalmatians_of_instagram/,@dalmatians_of_instagram,73K,Community feature account — repost/shoutout target,2026-07-15,new
dalmatian,IG,Deaf DALmatian,https://www.instagram.com/deafdal/,@deafdal,19K,Deaf shelter dog → therapy dog + dog actor (great story angle),2026-07-15,new
dalmatian,IG,Dennis the Dalmatian,https://www.instagram.com/dalmatiandennis/,@dalmatiandennis,,Pro model; played Pongo for Disney 100,2026-07-15,new
dalmatian,IG,Doug (& Boris),https://www.instagram.com/boris.and.doug/,@boris.and.doug,131K,Bi-eyed Dal + Lab brother,2026-07-15,new
dalmatian,IG,Finlay,https://www.instagram.com/finlay_the_dalmatian/,@finlay_the_dalmatian,21K,"Montreal ""social butterfly""",2026-07-15,new
dalmatian,IG,Jackson,https://www.instagram.com/jackson_the_dalmatian/,@jackson_the_dalmatian,156K,"Houston; 5 Dals + a Great Dane, weekly accessories",2026-07-15,new
dalmatian,IG,Khaleesi & Django,https://www.instagram.com/khaleesi.django.dalmatian/,@khaleesi.django.dalmatian,167K,"German duo, lemon-coat Khaleesi",2026-07-15,new
dalmatian,IG,Lemon & Chance (Mother of Dalmatians),https://www.instagram.com/mother_of_dalmatians_/,@mother_of_dalmatians_,46K,"Nashville, five-Dal household",2026-07-15,new
dalmatian,IG,Lio,https://www.instagram.com/herrtuerkis/,@herrtuerkis,30K,"German Dal, bonded-pair storytelling",2026-07-15,new
dalmatian,IG,Loki,https://www.instagram.com/polka_dot_loki/,@polka_dot_loki,65.5K,"Bi-eyed UK Dal, countryside photography",2026-07-15,new
dalmatian,IG,Noble,https://www.instagram.com/hernoblestory/,@hernoblestory,30.1K,Denver; Dal + cat + hedgehog trio,2026-07-15,new
dalmatian,IG,Olga Vang,https://www.instagram.com/olgavang/,@olgavang,96K,Creative posed photography with owner,2026-07-15,new
dalmatian,IG,Pingo & Nina,https://www.instagram.com/pingoeninadalmatians/,@pingoeninadalmatians,145K,Rio de Janeiro beach duo,2026-07-15,new
dalmatian,IG,Wiley,https://www.instagram.com/hi.wiley/,@hi.wiley,238K,"Heart-shaped nose, Colorado (article heading 238K; older body text 181K)",2026-07-15,new
french-bulldog,FB,Charleston Frenchie Meetup,https://www.facebook.com/CharlestonFrenchieMeetup/,page,,"Monthly local meetup — meetups love ""vote for our dog"" content",2026-07-15,new
french-bulldog,FB,French Bull Dog Club of America,https://www.facebook.com/frenchbulldogclubofamerica/,page,,Official FBDCA page (est. 1897),2026-07-15,new
french-bulldog,FB,French Bulldog Group,https://www.facebook.com/groups/971704870368960/,group,,General Frenchie group,2026-07-15,new
french-bulldog,FB,French Bulldog Lovers Club,https://www.facebook.com/groups/989481682452191/,group,,Fan group,2026-07-15,new
french-bulldog,FB,French Bulldog Rescue Network,https://www.facebook.com/FrenchBulldogRescue/,@FrenchBulldogRescue,,FBRN official page,2026-07-15,new
french-bulldog,FB,The French Bulldog Forum,https://www.facebook.com/groups/1077105709066480/,group,,Discussion group,2026-07-15,new
french-bulldog,FB,WE LOVE FRENCH BULLDOGS,https://www.facebook.com/groups/welovefrenchies/,group,,Fan group,2026-07-15,new
french-bulldog,IG,Adventures of Gage,https://www.instagram.com/adventuresofgage/,@adventuresofgage,"4,174",Frenchie service dog account,2026-07-15,new
french-bulldog,IG,Boss The French Bulldog,https://www.instagram.com/bossthefrenchbulldog/,@bossthefrenchbulldog,102K,Popular dog account (Stockholm),2026-07-15,new
french-bulldog,IG,Chicago French Bulldog Rescue,https://www.instagram.com/chicagofrenchbulldogrescue/,@chicagofrenchbulldogrescue,51K,Rescue account — strong cause-based angle,2026-07-15,new
french-bulldog,IG,Exotic Frenchies,https://www.instagram.com/exoticfrenchies/,@exoticfrenchies,"9,728",AKC breeder account,2026-07-15,new
french-bulldog,IG,Fluffy Frenchies,https://www.instagram.com/fluffy_frenchies/,@fluffy_frenchies,31K,Long-hair Frenchie niche account,2026-07-15,new
french-bulldog,IG,French Bulldogs,https://www.instagram.com/frenchbulldogs/,@frenchbulldogs,24K,Breed fan page,2026-07-15,new
french-bulldog,IG,French Bulldogs (fan page),https://www.instagram.com/french_bulldogs/,@french_bulldogs,323K,Large all-things-Frenchie fan page,2026-07-15,new
french-bulldog,IG,French Bulldogs of Instagram,https://www.instagram.com/frenchbulldogsworld/,@frenchbulldogsworld,,Frenchie photo/video aggregator,2026-07-15,new
french-bulldog,IG,Frenchie World,https://www.instagram.com/frenchie.world/,@frenchie.world,,Large Frenchie aggregator/shop account,2026-07-15,new
french-bulldog,IG,Frenchies of Miami,https://www.instagram.com/frenchies.of.miami/,@frenchies.of.miami,"1,188","AKC breeder, South Florida",2026-07-15,new
french-bulldog,IG,Griffin & Haru,https://www.instagram.com/griffinfrenchie/,@griffinfrenchie,,Popular Frenchie duo (~325K per hellobark article),2026-07-15,new
french-bulldog,IG,Manny The Frenchie,https://www.instagram.com/manny_the_frenchie/,@manny_the_frenchie,945K,Most-followed Frenchie; philanthropy angle (donates to Frenchie rescues),2026-07-15,new
french-bulldog,IG,Walter Geoffrey,https://www.instagram.com/waltergeoffreythefrenchie/,@waltergeoffreythefrenchie,1M,"Famous ""dramatic"" Frenchie personality account",2026-07-15,new
german-shepherd,FB,GSDCA Regional Clubs,https://www.facebook.com/GSDCAClubs/,@GSDCAClubs,,GSDCA's dedicated regional-clubs page,2026-07-15,new
german-shepherd,FB,German Shepherd Community,https://www.facebook.com/groups/germanshepherdcommunity/,group,,Active group (meetup threads seen),2026-07-15,new
german-shepherd,FB,German Shepherd Discussion & Training,https://www.facebook.com/groups/germanshepherddiscussionandtraining/,group,,Training-focused group,2026-07-15,new
german-shepherd,FB,German Shepherd Dog Club of America,https://www.facebook.com/GermanShepherdDogClubofAmerica/,page,,Official parent-club page,2026-07-15,new
german-shepherd,FB,German Shepherd Lovers,https://www.facebook.com/groups/478706930808305/,group,,Fan group,2026-07-15,new
german-shepherd,FB,German Shepherd Lovers & Owners Family,https://www.facebook.com/groups/germanshepherdloversandownersfamily/,group,,Owner group,2026-07-15,new
german-shepherd,FB,German Shepherd Owners,https://www.facebook.com/groups/officialgermanshepherdloversgroup/,group,,Owner group,2026-07-15,new
german-shepherd,FB,German Shepherds Family,https://www.facebook.com/groups/germanshepherdsfamily/,group,,Owner group,2026-07-15,new
german-shepherd,FB,Greater Sacramento German Shepherd Group,https://www.facebook.com/groups/465921553561107/,group,,Regional meetup group,2026-07-15,new
german-shepherd,FB,Just4GSD Group,https://www.facebook.com/groups/Just4GSDgroup/,group,,Breed group,2026-07-15,new
german-shepherd,FB,The German Shepherd Dog Community,https://www.facebook.com/TheGSDC/,@TheGSDC,"2,298,862 likes",Huge breed page — top FB target,2026-07-15,new
german-shepherd,IG,Biggie the German Shepherd,https://www.instagram.com/biggietheshepherd/,@biggietheshepherd,61K,Adventure/feel-good owner content,2026-07-15,new
german-shepherd,IG,Cooper the German Shepherd,https://www.instagram.com/cooper.thegs/,@cooper.thegs,68K,5-generation pedigree GSD,2026-07-15,new
german-shepherd,IG,German Shepherd Dog (GSD),https://www.instagram.com/gsdstagram/,@gsdstagram,345K,"Breed account, promotes products/brands — open to collabs",2026-07-15,new
german-shepherd,IG,German Shepherd Man,https://www.instagram.com/germanshepherdman/,@germanshepherdman,,GSD trainer personality,2026-07-15,new
german-shepherd,IG,German Shepherd World,https://www.instagram.com/thegermanshepherdworld/,@thegermanshepherdworld,424K,Big breed fan account,2026-07-15,new
german-shepherd,IG,I Love German Shepherd,https://www.instagram.com/ilovegermanshepherd/,@ilovegermanshepherd,,Breed fan account,2026-07-15,new
german-shepherd,IG,Maverick the German Shepherd,https://www.instagram.com/mrmavthegsd/,@mrmavthegsd,"8,449","Adopted GSD, Melbourne AU",2026-07-15,new
german-shepherd,IG,Strider the German Shepherd,https://www.instagram.com/strider.gsd/,@strider.gsd,228K,"Red sable GSD, US-born living in Germany",2026-07-15,new
giant-schnauzer,FB,Asgardian Giant Schnauzer,https://www.facebook.com/AsgardianGiants,@AsgardianGiants,,Breeder page,2026-07-15,new
giant-schnauzer,FB,Giant Schnauzer (group),https://www.facebook.com/groups/2257683452/,group,,General breed group,2026-07-15,new
giant-schnauzer,FB,Giant Schnauzer Club (group),https://www.facebook.com/groups/giantschnauzerclub/,group,,Breed group,2026-07-15,new
giant-schnauzer,FB,Giant Schnauzer Club of America,https://www.facebook.com/GiantSchnauzerClub/,@GiantSchnauzerClub,,Official parent-club page,2026-07-15,new
giant-schnauzer,FB,Giant Schnauzer Lovers (group),https://www.facebook.com/groups/181722711858804/,group,,Enthusiast group,2026-07-15,new
giant-schnauzer,FB,Giant Schnauzer Sports Group GSSG (group),https://www.facebook.com/groups/giantschnauzersportsgroup/,group,,Dog-sports focused,2026-07-15,new
giant-schnauzer,FB,Giant Schnauzers Of Houston Texas (group),https://www.facebook.com/groups/752722235286927/,group,,Regional group,2026-07-15,new
giant-schnauzer,FB,Giant Schnauzers Of IG,https://www.facebook.com/giantschnauzersofficial/,@giantschnauzersofficial,175000,Likes; FB arm of the IG feature account,2026-07-15,new
giant-schnauzer,FB,Mid-American Giant Schnauzer Club (group),https://www.facebook.com/groups/519501174902185/,group,,Regional club group,2026-07-15,new
giant-schnauzer,IG,Giant Schnauzer Vader,https://www.instagram.com/giantschnauzervader/,@giantschnauzervader,,FL dog account,2026-07-15,new
giant-schnauzer,IG,Giant Schnauzers,https://www.instagram.com/giantschnauzers/,@giantschnauzers,34K,Breed feature account,2026-07-15,new
giant-schnauzer,IG,Giant Schnauzers of Florida,https://www.instagram.com/lngiants/,@lngiants,902,Breeder account,2026-07-15,new
giant-schnauzer,IG,Giant Schnauzers of IG,https://www.instagram.com/giantschnauzersofinsta/,@giantschnauzersofinsta,27K,Community/feature account,2026-07-15,new
giant-schnauzer,IG,Kalidor Kennel,https://www.instagram.com/kalidorkennels/,@kalidorkennels,500,NY breeder,2026-07-15,new
giant-schnauzer,IG,Maz Giant Schnauzers,https://www.instagram.com/mazgiantschnauzers/,@mazgiantschnauzers,1331,SoCal breeder,2026-07-15,new
giant-schnauzer,IG,Royal Giant Schnauzer,https://www.instagram.com/royalgiantschnauzer/,@royalgiantschnauzer,,Breed account,2026-07-15,new
giant-schnauzer,IG,Royal the Giant Schnauzer,https://www.instagram.com/royal_the_giant_schnauzer/,@royal_the_giant_schnauzer,,Dog account,2026-07-15,new
giant-schnauzer,IG,my.giant.schnauzers,https://www.instagram.com/my.giant.schnauzers/,@my.giant.schnauzers,,Breed account,2026-07-15,new
golden-mountain-dog,FB,Coventry Bernese and Golden Mountain Dogs,https://www.facebook.com/Coventrybernesemountaindogs/,page,,Pottstown PA breeder page,2026-07-15,new
golden-mountain-dog,FB,Golden Mountain Dogs (page),https://www.facebook.com/goldenmountaindog/,@goldenmountaindog,,Community page for Berner + Golden lovers,2026-07-15,new
golden-mountain-dog,FB,Golden Mountain Dogs (public group),https://www.facebook.com/groups/105455644573/,group,,"Active public group, breed Q&A posts",2026-07-15,new
golden-mountain-dog,FB,Western Rocky Golden Mountain Dogs,https://www.facebook.com/westernrockygmds/,@westernrockygmds,,Grand Junction CO breeder page,2026-07-15,new
golden-mountain-dog,IG,Denali the Golden Mountain Dog,https://www.instagram.com/denalidogadventures/,@denalidogadventures,,"Individual dog, Marblehead MA / Ludlow VT adventure account",2026-07-15,new
golden-mountain-dog,IG,Golden Mountain Dogs,https://www.instagram.com/goldenmountaindogs/,@goldenmountaindogs,3175,Breed community account (Berner x Golden content),2026-07-15,new
golden-mountain-dog,IG,Hank the Golden Mountain Dog,https://www.instagram.com/hank.goldenmountaindog/,@hank.goldenmountaindog,,"Individual dog, London Ontario (b. 2018)",2026-07-15,new
golden-mountain-dog,IG,Maverick the Golden Mountain Dog,https://www.instagram.com/maverick_thegoldenmountaindog/,@maverick_thegoldenmountaindog,,"Individual dog, Denver CO, born 2023",2026-07-15,new
golden-mountain-dog,IG,Roberds Farm Golden Retrievers,https://www.instagram.com/roberdsfarmgoldenretrievers/,@roberdsfarmgoldenretrievers,,Breeder seen posting GMD litters,2026-07-15,new
golden-mountain-dog,IG,Western Rocky Golden Mountain Dogs,https://www.instagram.com/westernrockygmds/,@westernrockygmds,,"Colorado breeder account, posts reels",2026-07-15,new
goldendoodle,FB,Golden Doodle Lovers,https://www.facebook.com/groups/goldendoodlelover/,group,,Enthusiast group,2026-07-15,new
goldendoodle,FB,Golden Doodle Owners,https://www.facebook.com/groups/goldendoodleowner/,group,,"Owners group, active intro posts seen",2026-07-15,new
goldendoodle,FB,Goldendoodle Association of North America,https://www.facebook.com/GoldendoodleAssociation/,@GoldendoodleAssociation,,Official club page (plus legacy group at facebook.com/groups/57961526095/),2026-07-15,new
goldendoodle,FB,Goldendoodle Love,https://www.facebook.com/groups/goldendoodlelove/,group,,Enthusiast group,2026-07-15,new
goldendoodle,FB,Goldendoodle Lovers,https://www.facebook.com/groups/3202886589848201/,group,,Enthusiast group,2026-07-15,new
goldendoodle,FB,Goldendoodle World,https://www.facebook.com/groups/319488060271241/,group,,Enthusiast group,2026-07-15,new
goldendoodle,IG,Acadia Goldendoodles,https://www.instagram.com/acadiagoldendoodles/,@acadiagoldendoodles,,Gold-level GANA breeder,2026-07-15,new
goldendoodle,IG,Adorable Goldendoodles,https://www.instagram.com/adorablegoldendoodles/,@adorablegoldendoodles,,Breed account,2026-07-15,new
goldendoodle,IG,Bentley The Goldendoodle Puppy,https://www.instagram.com/minidoodlebentley/,@minidoodlebentley,336K,Wholesome family content,2026-07-15,new
goldendoodle,IG,Brodie That Dood,https://www.instagram.com/brodiethatdood/,@brodiethatdood,2M,"""Your local serotonin dealer"" — top goldendoodle influencer",2026-07-15,new
goldendoodle,IG,Doodles Los Angeles,https://www.instagram.com/doodlesla/,@doodlesla,19K,LA doodle page,2026-07-15,new
goldendoodle,IG,GANA Certified Breeders,https://www.instagram.com/ganabreeders/,@ganabreeders,,Official breed-club account — pairs with GANA website outreach,2026-07-15,new
goldendoodle,IG,Goldendoodle Lovely,https://www.instagram.com/goldendoodlelovely/,@goldendoodlelovely,,"Breeder (goldendoodles/bernedoodles/cavapoos), run by Jill",2026-07-15,new
goldendoodle,IG,Goldendoodles of Miami,https://www.instagram.com/goldendoodlesofmiami/,@goldendoodlesofmiami,21K,Doodle-matching service page,2026-07-15,new
goldendoodle,IG,Humphrey Goldendoodle,https://www.instagram.com/bigbearhumphrey/,@bigbearhumphrey,113K,"Hobart, Australia — ""happiest pup on the internet""",2026-07-15,new
goldendoodle,IG,Indy The Goldendoodle,https://www.instagram.com/indythegoldendoodle/,@indythegoldendoodle,42K,Atlanta certified therapy dog,2026-07-15,new
goldendoodle,IG,Ollie the Goldendoodle,https://www.instagram.com/itsyaboyollie/,@itsyaboyollie,,Puppy owner account,2026-07-15,new
goldendoodle,IG,Paws of Love Doodles,https://www.instagram.com/pawsoflovedoodles/,@pawsoflovedoodles,,Goldendoodle puppies page,2026-07-15,new
goldendoodle,IG,Samson The Goldendoodle,https://www.instagram.com/samsonthedood/,@samsonthedood,1M,F1b NYC-family account,2026-07-15,new
goldendoodle,IG,Tuppence O'Henry,https://www.instagram.com/ohenryandtuppy/,@ohenryandtuppy,,Toronto petite mini goldendoodle account,2026-07-15,new
labradoodle,FB,Australian Labradoodle Association of America,https://www.facebook.com/alaalabradoodles/,@alaalabradoodles,,Official ALAA page,2026-07-15,new
labradoodle,FB,Doodle Rescue SoCal,https://www.facebook.com/p/Doodle-Rescue-SoCal-Labradoodle-Goldendoodle-Rescue-Southern-California-100064626852298/,page,,"Labradoodle+goldendoodle rescue, SoCal",2026-07-15,new
labradoodle,FB,Labradoodle,https://www.facebook.com/groups/labradoodle/,group,,Exact-name breed group,2026-07-15,new
labradoodle,FB,Labradoodle Club,https://www.facebook.com/groups/labradoodleclub/,group,,Active group (recent posts seen),2026-07-15,new
labradoodle,FB,Labradoodle Lovers,https://www.facebook.com/groups/643218265877685/,group,,Enthusiast group,2026-07-15,new
labradoodle,FB,Labradoodle Owners,https://www.facebook.com/groups/labradoodleowners/,group,,Active owners group (new-member intros seen 2026),2026-07-15,new
labradoodle,IG,Bunji Australian Labradoodles,https://www.instagram.com/bunjidoodles/,@bunjidoodles,42K,"Michigan breeder, health-tested pups",2026-07-15,new
labradoodle,IG,Canadoodle Labradoodles,https://www.instagram.com/canadoodles/,@canadoodles,"1,528",BC Canada breeder — pairs with blog.canadoodles.com,2026-07-15,new
labradoodle,IG,Dazzling Labradoodles,https://www.instagram.com/dazzling_labradoodles/,@dazzling_labradoodles,,Breeder account,2026-07-15,new
labradoodle,IG,Elite Blend Labradoodles,https://www.instagram.com/eliteblend.labradoodles/,@eliteblend.labradoodles,"6,564",ALAA-registered breeder,2026-07-15,new
labradoodle,IG,Fien,https://www.instagram.com/labradoodlefien/,@labradoodlefien,11K,"Australian labradoodle, Netherlands (posts long-running account)",2026-07-15,new
labradoodle,IG,Italian Teddy Bear Labradoodle,https://www.instagram.com/italianlabradoodle/,@italianlabradoodle,24K,Italy-based; check language before outreach,2026-07-15,new
labradoodle,IG,Labradoodles of Instagram,https://www.instagram.com/labradoodles_of_instagram/,@labradoodles_of_instagram,59K,Community feature account — reposts owner dogs,2026-07-15,new
labradoodle,IG,Layla Labradoodle,https://www.instagram.com/laylaloveskisses/,@laylaloveskisses,3.7K,Owner account,2026-07-15,new
labradoodle,IG,Loveable Labradoodles (Becky),https://www.instagram.com/loveablelabradoodles/,@loveablelabradoodles,23K,"ALAA breeder, Atascadero CA — pairs with website prospect",2026-07-15,new
labradoodle,IG,Loving Labradoodles,https://www.instagram.com/loving.labradoodle/,@loving.labradoodle,"1,779",Bay Area ALAA/WALA breeder,2026-07-15,new
labradoodle,IG,Michigan Labradoodles,https://www.instagram.com/mi_labradoodles/,@mi_labradoodles,899,Breeder,2026-07-15,new
labradoodle,IG,Mini Labradoodle,https://www.instagram.com/minilabradoodle/,@minilabradoodle,644,Exact-match handle owner account,2026-07-15,new
labradoodle,IG,Sawyer the Labradoodle,https://www.instagram.com/sawyertheminidood/,@sawyertheminidood,68K,LA mini Australian labradoodle puppy,2026-07-15,new
maltese,FB,American Maltese Association,https://www.facebook.com/AmericanMalteseAssociation/,page,,Official AKC parent-club page,2026-07-15,new
maltese,FB,American Maltese Association Rescue,https://www.facebook.com/americanmalteseassociationrescue/,page,,Rescue arm page,2026-07-15,new
maltese,FB,Maltese Club of Southern California,https://www.facebook.com/MalteseClubOfSouthernCalifornia/,page,,Regional club page,2026-07-15,new
maltese,FB,Maltese Dogs (UK),https://www.facebook.com/groups/37508038532/,group,,UK breed group,2026-07-15,new
maltese,FB,Maltese Love,https://www.facebook.com/malteselove/,@malteselove,"9,280 likes",Fan page,2026-07-15,new
maltese,FB,Maltese Lovers,https://www.facebook.com/maltesedoglovers/,@maltesedoglovers,"4,167 likes",Fan page,2026-07-15,new
maltese,FB,Maltese Lovers Community,https://www.facebook.com/groups/341485568878858/,group,,Owner community group,2026-07-15,new
maltese,FB,Maltese Owners Club,https://www.facebook.com/MalteseOwnersClub/,@MalteseOwnersClub,,"Owner page, posts video content",2026-07-15,new
maltese,FB,Maltese Owners and Lovers,https://www.facebook.com/groups/945320222687018/,group,,Owner group,2026-07-15,new
maltese,FB,Maltese lovers only,https://www.facebook.com/maltese0054/,@maltese0054,"4,511 likes",Fan page,2026-07-15,new
maltese,FB,"Maltese""R""Us — Everything Maltese",https://www.facebook.com/maltese.dogs,@maltese.dogs,,Breed content page,2026-07-15,new
maltese,FB,Northcentral Maltese Rescue (group),https://www.facebook.com/groups/692429127487849/,group,,Rescue group,2026-07-15,new
maltese,FB,Spoiled Maltese.com,https://www.facebook.com/p/Spoiled-Maltesecom-100064198412230/,page,,FB page of the 66K-member forum,2026-07-15,new
maltese,IG,Annabella,https://www.instagram.com/annabellathemaltese/,@annabellathemaltese,"1,120","Finland, born 2021",2026-07-15,new
maltese,IG,Archie,https://www.instagram.com/archie.maltanczyk/,@archie.maltanczyk,"2,450",Kraków/Toronto Maltese,2026-07-15,new
maltese,IG,Coco & Cici,https://www.instagram.com/cocothemaltesedog/,@cocothemaltesedog,560K,"""Queens of pink bellies,"" registered therapy dogs, Scottsdale AZ; huge TikTok engagement",2026-07-15,new
maltese,IG,Daisydog Maltese,https://www.instagram.com/daisydog_maltese/,@daisydog_maltese,,Maltese account seen in results,2026-07-15,new
maltese,IG,Dee's Maltese,https://www.instagram.com/dees_maltese/,@dees_maltese,"7,291",Owner account,2026-07-15,new
maltese,IG,Duchess,https://www.instagram.com/duchess.maltese/,@duchess.maltese,"6,082","Maltese puppy account, Minnesota",2026-07-15,new
maltese,IG,MLA Pets,https://www.instagram.com/mylittleangels_pets/,@mylittleangels_pets,139K,UK registered breeder — Maltese/Maltipoo/teacup,2026-07-15,new
maltese,IG,Maltese World,https://www.instagram.com/maltese__dogs_/,@maltese__dogs_,120K,Breed feature/community account + merch,2026-07-15,new
maltese,IG,Nunu,https://www.instagram.com/nunu_maltese_dog/,@nunu_maltese_dog,,6-year-old female Maltese,2026-07-15,new
maltese,IG,Teddy,https://www.instagram.com/maltese_puppy_teddy/,@maltese_puppy_teddy,122K,"""Hottest Maltese on Instagram""",2026-07-15,new
maltipoo,FB,MALTIPOO PUPPY LOVERS CLUB,https://www.facebook.com/groups/3948184672138864/,group,,Puppy lovers group,2026-07-15,new
maltipoo,FB,Maltese and Maltipoo Puppies for Adoption and Rehoming,https://www.facebook.com/groups/maltipoopuppy/,group,,Adoption/rehoming group,2026-07-15,new
maltipoo,FB,Maltipoo Lovers,https://www.facebook.com/Maltipooluv/,@Maltipooluv,,"""Pets are family"" community page",2026-07-15,new
maltipoo,FB,Maltipoo Lovers (Unity),https://www.facebook.com/groups/maltipoounity/,group,,Lovers group with vanity URL,2026-07-15,new
maltipoo,FB,Maltipoo Lovers Group,https://www.facebook.com/groups/1075619636906632/,group,,Lovers group,2026-07-15,new
maltipoo,FB,Maltipoo Owners,https://www.facebook.com/groups/maltipooowwners/,group,,"Main owners group, very active (breeder recs, photo threads)",2026-07-15,new
maltipoo,FB,Maltipoo Owners UK + Europe,https://www.facebook.com/MaltipooOwnersUk.plus.Europe/,@MaltipooOwnersUk.plus.Europe,,Regional owners page,2026-07-15,new
maltipoo,FB,Maltipoo Rehoming Adoption and Rescue,https://www.facebook.com/MaltipooRehomingAdoption/,@MaltipooRehomingAdoption,,USA/Canada rehoming page,2026-07-15,new
maltipoo,FB,Maltipoo puppy lovers,https://www.facebook.com/groups/1642443633297396/,group,,Puppy lovers group,2026-07-15,new
maltipoo,FB,SoCal Maltipoo Lovers,https://www.facebook.com/groups/355544078207719/,group,,Regional SoCal group,2026-07-15,new
maltipoo,FB,Teacup poodles and Maltipoos by Lily,https://www.facebook.com/p/Teacup-poodles-and-Maltipoos-by-Lily-100064680400187/,page,,Dual-breed breeder page (also a teacup-poodle prospect),2026-07-15,new
maltipoo,IG,Chiffon the Maltipoo,https://www.instagram.com/chiffonthemaltipoo/,@chiffonthemaltipoo,207K,NY dog-mom lifestyle/fashion — biggest maltipoo account found,2026-07-15,new
maltipoo,IG,Maltipoo Nederland,https://www.instagram.com/maltipoo.nederland/,@maltipoo.nederland,"9,579",NL maltipoo account (teacup/micro/mini),2026-07-15,new
maltipoo,IG,Maltipoo Polly,https://www.instagram.com/maltipoo.polly/,@maltipoo.polly,,European owner account,2026-07-15,new
maltipoo,IG,Maltipoo Puppy USA,https://www.instagram.com/maltipoo_puppy_usa/,@maltipoo_puppy_usa,254,"Rehoming/adoption account, small",2026-07-15,new
maltipoo,IG,Maltipoo World Club,https://www.instagram.com/maltipoo.world.club/,@maltipoo.world.club,71K,Breeder network (Budapest/Kyiv/Krakow/Dubai) covering maltipoo+cavapoo,2026-07-15,new
maltipoo,IG,Maltipoo World Puppies,https://www.instagram.com/maltipoo.world.puppies/,@maltipoo.world.puppies,15K,"Same network, puppies account",2026-07-15,new
maltipoo,IG,Maltipoo World UAE,https://www.instagram.com/maltipoo.world.uae/,@maltipoo.world.uae,"5,397","Breeder, Europe/UAE",2026-07-15,new
maltipoo,IG,Mia Mini Maltipoo,https://www.instagram.com/mia.mini.maltipoo/,@mia.mini.maltipoo,192K,"Maltipoo tips, dog recipes, dog-friendly travel",2026-07-15,new
maltipoo,IG,Ollie the Maltipoo,https://www.instagram.com/olliepopmaltipoo/,@olliepopmaltipoo,,Popular owner account,2026-07-15,new
mini-aussie,FB,Bellawoods Miniature Australian Shepherds,https://www.facebook.com/BellawoodsMiniatureAustralianShepherds/,page,,"Breeder page, Lithia FL",2026-07-15,new
mini-aussie,FB,EMASCD Erster Miniature Australian Shepherd Club (group),https://www.facebook.com/groups/615362293964853/,group,,European mini-aussie club group,2026-07-15,new
mini-aussie,FB,Golden State Mini Aussies,https://www.facebook.com/Goldenstateminiaussies/,@Goldenstateminiaussies,,"Hobby breeder, Roseville CA",2026-07-15,new
mini-aussie,FB,Mini Aussie and Mini American Breeders (group),https://www.facebook.com/groups/miniaussiebreeders/,group,,Breeder-focused group,2026-07-15,new
mini-aussie,FB,Mini Aussies In Texas,https://www.facebook.com/coopertx/,page,,"Breeder page, Stamford TX",2026-07-15,new
mini-aussie,FB,Miniature American Shepherd Club of the USA,https://www.facebook.com/OfficialMASCUSA,@OfficialMASCUSA,,"Official AKC parent-club page, Philpot KY",2026-07-15,new
mini-aussie,FB,Miniature American Shepherds in Australia,https://www.facebook.com/Mayminiaussies/,page,,Australian MAS community/kennel page,2026-07-15,new
mini-aussie,FB,Oak Savannah Aussies,https://www.facebook.com/oaksavannahaussies/,page,,Mini + small standard breeder page,2026-07-15,new
mini-aussie,FB,Painted Blue Aussies,https://www.facebook.com/paintedblueaussies/,page,,FB page of the Painted Blue Aussies blog/breeder,2026-07-15,new
mini-aussie,FB,Wild West Miniature American Shepherd Club,https://www.facebook.com/WILDWESTMINIATUREAMERICANSHEPHERDCLUB/,page,,"Regional club page, Gridley CA",2026-07-15,new
mini-aussie,FB,Wiseachers Miniature Australian Shepherds (group),https://www.facebook.com/groups/152725115576/,group,,Long-standing breed group,2026-07-15,new
mini-aussie,IG,Aspen the Mini Aussie,https://www.instagram.com/along_came_aspen/,@along_came_aspen,"6,546","Blue merle female, Tampa FL",2026-07-15,new
mini-aussie,IG,Australian Shepherd Lovers,https://www.instagram.com/aussie.lovers/,@aussie.lovers,173K,General-Aussie community account,2026-07-15,new
mini-aussie,IG,Australian Shepherd World,https://www.instagram.com/australianshepherdworld/,@australianshepherdworld,421K,Big general-Aussie community account (covers minis),2026-07-15,new
mini-aussie,IG,Baby The Mini Aussie,https://www.instagram.com/miniaussie_baby/,@miniaussie_baby,,SoCal mini aussie pet account,2026-07-15,new
mini-aussie,IG,Bodhi The Mini Aussie,https://www.instagram.com/bodhi_miniaussie/,@bodhi_miniaussie,,Pet account,2026-07-15,new
mini-aussie,IG,Cohen,https://www.instagram.com/life.as.cohen/,@life.as.cohen,22K,San Diego mini-American/aussie/border-collie mix adventure dog; via helloBARK roundup,2026-07-15,new
mini-aussie,IG,Hero the Aussie,https://www.instagram.com/herotheaussie/,@herotheaussie,48.3K,"Brooklyn mini aussie; handle seen in helloBARK ""20 Aussies to follow"" roundup",2026-07-15,new
mini-aussie,IG,Kiba the Mini Aussie,https://www.instagram.com/kiba.aussie/,@kiba.aussie,106K,"Red tri mini aussie, Seattle/PNW adventure dog (one source said 76K)",2026-07-15,new
mini-aussie,IG,Legends Mini Aussies,https://www.instagram.com/legendsminiaussies/,@legendsminiaussies,37K,"Breeder account, breed-standard focus",2026-07-15,new
mini-aussie,IG,Mini Aussie Doodle,https://www.instagram.com/mini.aussie.doodle/,@mini.aussie.doodle,"9,499",Mini-aussiedoodle breeder (adjacent),2026-07-15,new
mini-aussie,IG,Mini aussie of A Little Dream,https://www.instagram.com/miniature.australian.shepherd/,@miniature.australian.shepherd,,"Breed-named handle, kennel account",2026-07-15,new
mini-aussie,IG,iHeart Mini Aussies,https://www.instagram.com/iheartminiaussies/,@iheartminiaussies,33K,"Mini-aussie community/feature account, Orlando FL",2026-07-15,new
mini-dachshund,FB,Crusoe the Dachshund Fan Group,https://www.facebook.com/groups/CrusoeDachshundFans/,group,,Fan group of the biggest doxie celeb,2026-07-15,new
mini-dachshund,FB,Dachshund Lovers Club,https://www.facebook.com/groups/thedachshundlover/,group,,Owner community group,2026-07-15,new
mini-dachshund,FB,Dachshund Lovers Group,https://www.facebook.com/groups/dachshundus/,group,,Large general dachshund group,2026-07-15,new
mini-dachshund,FB,National Miniature Dachshund Club,https://www.facebook.com/nationalminituredachshundclub/,page,,Official NMDC page,2026-07-15,new
mini-dachshund,FB,The Miniature Dachshund Club,https://www.facebook.com/groups/165306133613149/,group,,Mini-specific group,2026-07-15,new
mini-dachshund,IG,Bruno the Mini Dachshund,https://www.instagram.com/brunotheminidachshund/,@brunotheminidachshund,281K,Popular single-dog account,2026-07-15,new
mini-dachshund,IG,Carolina Miniature Dachshunds,https://www.instagram.com/carolinaminis/,@carolinaminis,136K,"Breeder account, Gaffney SC",2026-07-15,new
mini-dachshund,IG,Crusoe the Dachshund,https://www.instagram.com/crusoe_dachshund/,@crusoe_dachshund,887K,"Biggest doxie celebrity; NYT-bestselling books, viral videos",2026-07-15,new
mini-dachshund,IG,Holly & Hazelnut,https://www.instagram.com/hollyandhazelnut/,@hollyandhazelnut,151K,LA duo; 2.4M on TikTok too,2026-07-15,new
mini-dachshund,IG,Maya the Mini Dachshund,https://www.instagram.com/mayathedox/,@mayathedox,223K,"Long-haired mini, Washington DC / N. Virginia",2026-07-15,new
mini-dachshund,IG,Maya the Sausage (+Peanut & Stella),https://www.instagram.com/mayathesausage/,@mayathesausage,87.6K,Multi-doxie + hedgehogs household,2026-07-15,new
mini-dachshund,IG,Milly & Maggie,https://www.instagram.com/mini_millyandmaggie_sausage/,@mini_millyandmaggie_sausage,36K,Mini red + black/tan duo,2026-07-15,new
mini-dachshund,IG,Miniature Dachshund Ireland & UK,https://www.instagram.com/miniature_dachshund_ireland/,@miniature_dachshund_ireland,"8,806",Community/feature account,2026-07-15,new
mini-dachshund,IG,Monty,https://www.instagram.com/montyminidachshund/,@montyminidachshund,180K,"""UK's number one Dachshund""",2026-07-15,new
mini-dachshund,IG,Myla the Mini Sausage,https://www.instagram.com/mylatheminisausage/,@mylatheminisausage,162K,Mini dachshund,2026-07-15,new
mini-dachshund,IG,Pepper,https://www.instagram.com/minipepperbrown/,@minipepperbrown,79K,"Mini dapple dachshund ""dog influencer""",2026-07-15,new
mini-dachshund,IG,River & Rain,https://www.instagram.com/river_the_mini_dachshund/,@river_the_mini_dachshund,136K,"Long-haired minis, beach content",2026-07-15,new
mini-dachshund,IG,Wilbur & Palmer,https://www.instagram.com/wilbur_minidox/,@wilbur_minidox,482K,Long-haired mini dachshunds,2026-07-15,new
mini-dachshund,IG,Winston,https://www.instagram.com/winstonminidachshund/,@winstonminidachshund,,"Notting Hill, London; organizes Hyde Park breed meetups (event-minded — great fit)",2026-07-15,new
mini-dachshund,IG,Zorro & Napoleon,https://www.instagram.com/zorroandnapoleon/,@zorroandnapoleon,50K,"""Australia's cheekiest sausage dogs""",2026-07-15,new
mini-french-bulldog,FB,Micro Frenchies,https://www.facebook.com/microfrenchies/,page,,FB arm of the 995K IG brand,2026-07-15,new
mini-french-bulldog,FB,Mini French Bulldog Puppies (LA),https://www.facebook.com/familyhomepuppies/,page,,"Breeder page, Los Angeles",2026-07-15,new
mini-french-bulldog,FB,Mini French Bulldog Pups,https://www.facebook.com/minifrenchbulldogpups/,page,,"Breeder page, Park Rapids MN",2026-07-15,new
mini-french-bulldog,IG,Baby the Mini Frenchie,https://www.instagram.com/baby.minifrenchie/,@baby.minifrenchie,"3,585","Blue mini Frenchie, Long Island NY",2026-07-15,new
mini-french-bulldog,IG,Bella the Teacup Frenchie,https://www.instagram.com/bellatheteacupfrenchie/,@bellatheteacupfrenchie,143,"Tiny account, San Diego — easy win for a feature swap",2026-07-15,new
mini-french-bulldog,IG,Micro Frenchies,https://www.instagram.com/microfrenchies/,@microfrenchies,995K,Self-styled creator of the Miniature French Bulldog; biggest account in niche,2026-07-15,new
mini-french-bulldog,IG,Miniature French Bulldog,https://www.instagram.com/miniaturefrenchbulldog/,@miniaturefrenchbulldog,"1,482",Sister account to microfrenchies,2026-07-15,new
mini-french-bulldog,IG,Out Of The Blue Frenchies,https://www.instagram.com/outoftheblue_frenchies/,@outoftheblue_frenchies,82K,"""Mother of Frenchies"" breeder account (mini-adjacent)",2026-07-15,new
mini-french-bulldog,IG,Rey The Mini Frenchie,https://www.instagram.com/reytheminifrenchie/,@reytheminifrenchie,23K,Mini Frenchie personality account,2026-07-15,new
mini-golden-retriever,FB,Escondido Acres Mini Golden Retrievers,https://www.facebook.com/p/Escondido-Acres-Mini-Golden-Retrievers-100057326205122/,page,,Breeder page,2026-07-15,new
mini-golden-retriever,FB,Mini Retrievers Australia,https://www.facebook.com/hilltopfamilypups/,@hilltopfamilypups,,Australian mini retriever lovers page (non-US),2026-07-15,new
mini-golden-retriever,FB,PNW Mini Goldens,https://www.facebook.com/pnwminigoldens/,@pnwminigoldens,,FB page of WA breeder,2026-07-15,new
mini-golden-retriever,FB,Pocket Full of Sunshine Miniature Golden Retrievers,https://www.facebook.com/p/Pocket-Full-of-Sunshine-Miniature-Golden-Retrievers-100064902314796/,page,,Columbus OH breeder page,2026-07-15,new
mini-golden-retriever,FB,Tiny Goldens,https://www.facebook.com/tinygoldens/,@tinygoldens,,San Clemente CA mini goldens page,2026-07-15,new
mini-golden-retriever,IG,Big Hearted Breeders,https://www.instagram.com/bigheartedbreeders/,@bigheartedbreeders,4607,"Breeder account, lifetime health guarantee angle",2026-07-15,new
mini-golden-retriever,IG,Kingston Mini Golden,https://www.instagram.com/kingston.minigolden/,@kingston.minigolden,2338,Individual dog account,2026-07-15,new
mini-golden-retriever,IG,Mini Golden Retriever Puppies,https://www.instagram.com/mini.goldenretrievers/,@mini.goldenretrievers,,Cocker x Golden mix puppies account,2026-07-15,new
mini-golden-retriever,IG,Mini Golden Retrievers,https://www.instagram.com/minigoldenretrievers/,@minigoldenretrievers,1153,"Community account, ""the forever puppy is real""",2026-07-15,new
mini-golden-retriever,IG,Mini Golden World,https://www.instagram.com/minigoldenworld/,@minigoldenworld,,Breed community account,2026-07-15,new
mini-golden-retriever,IG,Pacific Northwest Mini Goldens,https://www.instagram.com/pnwminigoldens/,@pnwminigoldens,3032,WA breeder account,2026-07-15,new
mini-golden-retriever,IG,Taylormade Mini Goldens,https://www.instagram.com/taylormade_mini_goldens/,@taylormade_mini_goldens,12000,"Breeder account (Michele Taylor), biggest mini golden IG found",2026-07-15,new
mini-golden-retriever,IG,Winnie the Mini Golden,https://www.instagram.com/winnie.the.minigolden/,@winnie.the.minigolden,,"Individual dog, Portland OR",2026-07-15,new
newfoundland,FB,Bear Paw Newfoundlands,https://www.facebook.com/bearpawnewfoundlands/,@bearpawnewfoundlands,,"Breeder, Tully NY",2026-07-15,new
newfoundland,FB,Colonial Newfoundland Rescue,https://www.facebook.com/ColonialNewf/,@ColonialNewf,,DC/MD/VA/WV rescue,2026-07-15,new
newfoundland,FB,Heart of America Newfoundland Rescue,https://www.facebook.com/newfrescue,@newfrescue,,Volunteer foster-based nonprofit,2026-07-15,new
newfoundland,FB,Minnesota Newfoundland Rescue,https://www.facebook.com/MNNewfRescue/,@MNNewfRescue,,North Branch MN,2026-07-15,new
newfoundland,FB,National Newfoundland Rescue,https://www.facebook.com/NationalNewfRescue/,@NationalNewfRescue,,US-wide 501c3,2026-07-15,new
newfoundland,FB,Newf Friends Newfoundland Dog Rescue,https://www.facebook.com/NewfFriends/,@NewfFriends,,"Ontario, Canada rescue",2026-07-15,new
newfoundland,FB,Newf Rescue (group),https://www.facebook.com/groups/NewfRescue/,group,,Rescue community group,2026-07-15,new
newfoundland,FB,Newfoundland Club of America,https://www.facebook.com/NCANewfs/,@NCANewfs,,Official parent-club page,2026-07-15,new
newfoundland,FB,Newfoundland Club of New England,https://www.facebook.com/NewfClubNE/,@NewfClubNE,,Regional club page,2026-07-15,new
newfoundland,FB,Newfoundland Dog Club of Canada,https://www.facebook.com/p/Newfoundland-Dog-Club-Of-Canada-Le-club-canadien-du-chien-Terre-Neuve-100068591364355/,page,,Bilingual national club page,2026-07-15,new
newfoundland,FB,Newfoundland Dog Lovers,https://www.facebook.com/newfoundlanddoglovers/,@newfoundlanddoglovers,,Fan page,2026-07-15,new
newfoundland,FB,Newfoundland Dog Lovers (page 2),https://www.facebook.com/newfoundlanddogloverspage/,@newfoundlanddogloverspage,,"Second fan page, same name",2026-07-15,new
newfoundland,FB,South Central Newfoundland Rescue,https://www.facebook.com/SCNewfRescue/,@SCNewfRescue,,IN/N-KY/W-OH,2026-07-15,new
newfoundland,FB,The Newfoundland Dog Owners & Lovers Group,https://www.facebook.com/groups/newfownerslovers/,group,,Large active owners group,2026-07-15,new
newfoundland,IG,Bruno Newfoundland,https://www.instagram.com/bruno_newfoundland/,@bruno_newfoundland,,Individual dog account,2026-07-15,new
newfoundland,IG,Chewie the Newfie,https://www.instagram.com/chewie.the.newfie/,@chewie.the.newfie,42K,Two-dog account (Chewbacca & Gus),2026-07-15,new
newfoundland,IG,Franklyn the Newf,https://www.instagram.com/franklynthenewf/,@franklynthenewf,103K,Halifax NS; owner Shauna Connors named in bio,2026-07-15,new
newfoundland,IG,Hugo the Newfie,https://www.instagram.com/hugo_the_newfie/,@hugo_the_newfie,63K,"70kg Newfie, Melbourne",2026-07-15,new
newfoundland,IG,Lily & Winston,https://www.instagram.com/lily_and_winston_the_newfies/,@lily_and_winston_the_newfies,,Two-Newfie account,2026-07-15,new
newfoundland,IG,Newfies of Norway,https://www.instagram.com/newfiesofnorway/,@newfiesofnorway,82K,Lasydog Newfoundlands kennel,2026-07-15,new
newfoundland,IG,Newfoundland Dog Company,https://www.instagram.com/newfoundlanddogcompany/,@newfoundlanddogcompany,,Breed-merch company account,2026-07-15,new
newfoundland,IG,Newfoundland Moments,https://www.instagram.com/newfoundlandmoments/,@newfoundlandmoments,23K,Fan/feature page,2026-07-15,new
newfoundland,IG,Newfoundland dog lover yu,https://www.instagram.com/newfoundlanddog_lover_yu/,@newfoundlanddog_lover_yu,38K,Fan page,2026-07-15,new
newfoundland,IG,Newfoundland dog pl ki,https://www.instagram.com/newfoundlanddog_pl_ki/,@newfoundlanddog_pl_ki,25K,Fan page,2026-07-15,new
newfoundland,IG,Newfystyle Newfoundlands,https://www.instagram.com/newfystyle_newfoundlands/,@newfystyle_newfoundlands,971,"Breeder, Gold Coast Australia",2026-07-15,new
newfoundland,IG,Paddle Paws (Newfs Australia),https://www.instagram.com/paddlepawsmegan/,@paddlepawsmegan,"1,496","Multi-Newf account, Australia",2026-07-15,new
newfoundland,IG,Ted the Newfoundland,https://www.instagram.com/tedthenewfoundland/,@tedthenewfoundland,17K,"Individual dog, South Wales",2026-07-15,new
pomsky,FB,IPA Pomskies (group),https://www.facebook.com/groups/IPAPomskies/,group,,IPA community group,2026-07-15,new
pomsky,FB,International Pomsky Association (page),https://www.facebook.com/InternationalPomskyAssociation/,page,,"IPA official page, pedigree database support",2026-07-15,new
pomsky,FB,"Pomsky Breeders, Owners, and Enthusiasts (group)",https://www.facebook.com/groups/1460768204569974/,group,,Large mixed breeder/owner group,2026-07-15,new
pomsky,FB,Pomsky Owners Association (group),https://www.facebook.com/groups/167554004601441/,group,,POA community group,2026-07-15,new
pomsky,FB,Pomsky Owners Association (page),https://www.facebook.com/PomskyOwnersAssociation/,@PomskyOwnersAssociation,"5,000+ likes",Official POA page,2026-07-15,new
pomsky,IG,American Pomsky Kennel Club,https://www.instagram.com/official_apkc/,@official_apkc,,Official APKC club account,2026-07-15,new
pomsky,IG,Brasil Pomsky,https://www.instagram.com/brasilpomsky/,@brasilpomsky,26K,Brazilian kennel since 2016 (non-English audience — lower priority),2026-07-15,new
pomsky,IG,Chai the Pomsky,https://www.instagram.com/chai.pomsky/,@chai.pomsky,,Pet account,2026-07-15,new
pomsky,IG,Eevee The Pomsky,https://www.instagram.com/eevee.the.pomsky/,@eevee.the.pomsky,,Pet account,2026-07-15,new
pomsky,IG,Kiara the Pomsky,https://www.instagram.com/kiarathepomsky/,@kiarathepomsky,46K,Orange County CA,2026-07-15,new
pomsky,IG,Mya The Pomsky,https://www.instagram.com/myathepomsky/,@myathepomsky,46K,Adventure content,2026-07-15,new
pomsky,IG,Norman The Pomsky,https://www.instagram.com/normanthepomsky/,@normanthepomsky,90K,"1,306 posts; classic pomsky pet account",2026-07-15,new
pomsky,IG,Pepper,https://www.instagram.com/pomsky/,@pomsky,22K,"Owns the @pomsky handle; Boston, owned by chef-YouTuber Nick DiGiovanni",2026-07-15,new
pomsky,IG,Pomsky (Gram),https://www.instagram.com/pomsky_dog/,@pomsky_dog,"1,350",Small pet account,2026-07-15,new
pomsky,IG,Pomsky Family,https://www.instagram.com/pomskyofficial/,@pomskyofficial,,Breed community account,2026-07-15,new
pomsky,IG,Ponderosa Pomskies,https://www.instagram.com/ponderosapomskies/,@ponderosapomskies,"2,670",Texas breeder,2026-07-15,new
pomsky,IG,Puppies & Facts,https://www.instagram.com/pomskies/,@pomskies,,Breed community/facts account,2026-07-15,new
pomsky,IG,Purebred Pomsky,https://www.instagram.com/purebredpomsky/,@purebredpomsky,,Breed account,2026-07-15,new
pomsky,IG,Sapphie the Pomsky,https://www.instagram.com/sapphie_the_pomsky/,@sapphie_the_pomsky,2M,Mega account — also 7.3M TikTok + 5.2M YouTube,2026-07-15,new
pomsky,IG,Yuki the Pomsky,https://www.instagram.com/yukipomsky/,@yukipomsky,,Pet account,2026-07-15,new
saint-berdoodle,FB,Jeff's Saint Berdoodles,https://www.facebook.com/p/Jeffs-Saint-Berdoodles-100067577388466/,page,,Breeder page,2026-07-15,new
saint-berdoodle,FB,Mad Hatter Farms Saint Berdoodles,https://www.facebook.com/madhatterfarmssaintberdoodles/,@madhatterfarmssaintberdoodles,,Battle Ground WA breeder,2026-07-15,new
saint-berdoodle,FB,Mason Creek Saint Berdoodles,https://www.facebook.com/Masoncreekdoodles/,@Masoncreekdoodles,,Breeder page,2026-07-15,new
saint-berdoodle,FB,Saint Berdoodle (group),https://www.facebook.com/groups/3492306587697786/,group,,Second breed group,2026-07-15,new
saint-berdoodle,FB,Saint Berdoodle Community,https://www.facebook.com/SaintBerdoodleCommunity/,@SaintBerdoodleCommunity,,"Community page ""everything you need to know about SBDs""",2026-07-15,new
saint-berdoodle,FB,Saint Berdoodle Puppies & Rehoming – Northern,https://www.facebook.com/groups/721307543811783/,group,,Puppies + rehoming group,2026-07-15,new
saint-berdoodle,FB,Saint Berdoodles,https://www.facebook.com/SaintBerdoodles/,@SaintBerdoodles,,Breed page (hypoallergenic-angle info),2026-07-15,new
saint-berdoodle,FB,Saint Berdoodles Up On The Ridge,https://www.facebook.com/saintberdoodlesupontheridge/,@saintberdoodlesupontheridge,,Breeder page,2026-07-15,new
saint-berdoodle,FB,Saint Berdoodles of WNY,https://www.facebook.com/saintberdoodlesofwny/,@saintberdoodlesofwny,,Western NY breeder page,2026-07-15,new
saint-berdoodle,FB,St. Berdoodle (group),https://www.facebook.com/groups/243855019661/,group,,Breed discussion group,2026-07-15,new
saint-berdoodle,FB,Tennessee Gentle Giants,https://www.facebook.com/tennesseegentlegiants/,@tennesseegentlegiants,,Saint Bernards + Saint Berdoodles page,2026-07-15,new
saint-berdoodle,IG,Baloo the Saint Berdoodle,https://www.instagram.com/bearcubbaloo/,@bearcubbaloo,,Individual dog account,2026-07-15,new
saint-berdoodle,IG,Bernie the St. Berdoodle,https://www.instagram.com/bigbernto/,@bigbernto,"1,120",Oversized St. Berdoodle in Toronto,2026-07-15,new
saint-berdoodle,IG,Darling Saint Berdoodles,https://www.instagram.com/darlingstberdoodle/,@darlingstberdoodle,"2,356",CA breeder account (darlingstberdoodle.com),2026-07-15,new
saint-berdoodle,IG,Goliath Saint Berdoodles,https://www.instagram.com/goliathsaintberdoodles/,@goliathsaintberdoodles,,Breeder account,2026-07-15,new
saint-berdoodle,IG,Mason Creek / Idaho Saint Berdoodles,https://www.instagram.com/masoncreekdoodles/,@masoncreekdoodles,"3,678",Breeder account for masoncreeksaintberdoodles.com,2026-07-15,new
saint-berdoodle,IG,Rosie the Saint Berdoodle,https://www.instagram.com/saintberdoodle/,@saintberdoodle,~800,Owns the exact-match handle — prize get for breed content,2026-07-15,new
saint-berdoodle,IG,Saint Berdoodles Australia,https://www.instagram.com/saintberdoodles.of.nsw.aus/,@saintberdoodles.of.nsw.aus,530,NSW Australia breeder,2026-07-15,new
saint-berdoodle,IG,St. Berdoodles of WNY,https://www.instagram.com/st.berdoodles/,@st.berdoodles,,Western NY breeder; matching FB page,2026-07-15,new
saint-berdoodle,IG,Toast the Saint Berdoodle,https://www.instagram.com/toast_the_stberdoodle/,@toast_the_stberdoodle,13K,"F1 Saint Berdoodle in Phoenix AZ, 540 posts",2026-07-15,new
teacup-poodle,FB,Daisy Teacup Poodles & More,https://www.facebook.com/teacuppoodles/,@teacuppoodles,,"Breeder, Miami FL",2026-07-15,new
teacup-poodle,FB,Dougia Cajun Teacup Poodles,https://www.facebook.com/groups/259758017846979/,group,,Teacup poodle group,2026-07-15,new
teacup-poodle,FB,Jerrie's Tiny Teacup Poodles,https://www.facebook.com/tinyteacuppoodlestx/,@tinyteacuppoodlestx,,"Breeder, Fort Worth TX",2026-07-15,new
teacup-poodle,FB,My Teacup Poodles,https://www.facebook.com/myteacuppoodles,@myteacuppoodles,,Teacup poodle page,2026-07-15,new
teacup-poodle,FB,Poodle Lovers Forever,https://www.facebook.com/groups/396168191386712/,group,,Active group with recurring teacup-poodle threads,2026-07-15,new
teacup-poodle,FB,Poodle Rescue Connecticut,https://www.facebook.com/PoodleRescueConnecticut/,@PoodleRescueConnecticut,,Regional rescue page,2026-07-15,new
teacup-poodle,FB,Toy Poodle Rescue & Adoption Near Me,https://www.facebook.com/groups/1127310264652400/,group,,Adoption group,2026-07-15,new
teacup-poodle,FB,Toy Poodle Rescue (Dover MA),https://www.facebook.com/toypoodlerescue/,@toypoodlerescue,,Rescue page; website toypoodlerescue.net referenced in results,2026-07-15,new
teacup-poodle,IG,California Teacup Poodles,https://www.instagram.com/cali4niateeniepoodles/,@cali4niateeniepoodles,873,CA tiny-toy breeder,2026-07-15,new
teacup-poodle,IG,Duffy the Teacup Poodle,https://www.instagram.com/duffytheteacup/,@duffytheteacup,13K,"1.8kg travel dog, Singapore",2026-07-15,new
teacup-poodle,IG,Fancy Toy Poodles,https://www.instagram.com/fancytoypoodles/,@fancytoypoodles,204K,Biggest toy-poodle community/feature account found,2026-07-15,new
teacup-poodle,IG,Jinkee the Red Toy Poodle,https://www.instagram.com/lifeofjinkee/,@lifeofjinkee,62K,Red toy poodle owner account,2026-07-15,new
teacup-poodle,IG,Koko the Toy Poodle,https://www.instagram.com/kokoandkayla/,@kokoandkayla,"1,917",Owner account,2026-07-15,new
teacup-poodle,IG,Mika the Teacup Poodle,https://www.instagram.com/mikateacuppoodle/,@mikateacuppoodle,"1,161",Toronto owner account,2026-07-15,new
teacup-poodle,IG,Rodney the Teacup Poodle,https://www.instagram.com/teacup.poodleuk/,@teacup.poodleuk,"1,408",UK fully-grown teacup poodle,2026-07-15,new
teacup-poodle,IG,Romeo Red Toy Poodle,https://www.instagram.com/poodletoyromeo/,@poodletoyromeo,142K,Daily-life red toy poodle,2026-07-15,new
teacup-poodle,IG,Teacup Parti Poodles (Kathleen),https://www.instagram.com/teacuppartipoodles/,@teacuppartipoodles,277,"In-home hobby breeder, parti teacups",2026-07-15,new
teacup-poodle,IG,Teacup Poodles USA,https://www.instagram.com/teacuppoodles.usa_/,@teacuppoodles.usa_,"1,640",Teacup breeder account,2026-07-15,new
teacup-poodle,IG,Teddy the Toy Poodle,https://www.instagram.com/teddy.the.toy.poodle_/,@teddy.the.toy.poodle_,"6,678",Owner account,2026-07-15,new
teacup-poodle,IG,Toy Poodle Life,https://www.instagram.com/toy_poodle.life/,@toy_poodle.life,,JP/EN toy poodle community account,2026-07-15,new
teacup-poodle,IG,Toy Poodles,https://www.instagram.com/toy_poodles_/,@toy_poodles_,,Toy poodle feature account,2026-07-15,new
toy-aussie,FB,Cheyenne Star Miniature and Toy Australian Shepherds,https://www.facebook.com/cheyennestaraussies/,page,,"Breeder page, Rice TX",2026-07-15,new
toy-aussie,FB,Deep River Farm Miniature and Toy Australian Shepherds,https://www.facebook.com/deepriverfarm/,page,,"Breeder page, Randleman NC",2026-07-15,new
toy-aussie,FB,Emberview Toy Aussies,https://www.facebook.com/emberviewtoyaussies/,@emberviewtoyaussies,,"Karyn Foster, Holstein Ontario; genetically health-tested",2026-07-15,new
toy-aussie,FB,Keldrew Ranch,https://www.facebook.com/keldrewranch/,@keldrewranch,,"FB page of Keldrew Ranch breeder, Harrison AR",2026-07-15,new
toy-aussie,FB,Magical Toy Aussies,https://www.facebook.com/Magicaltoyaussies/,@Magicaltoyaussies,,FB page of the NY breeder,2026-07-15,new
toy-aussie,FB,RStar Aussies,https://www.facebook.com/p/RStar-Aussies-Miniature-and-Toy-Australian-Shepherds-100066913569191/,page,,Mini + toy breeder page,2026-07-15,new
toy-aussie,FB,TOY Australian Shepherds of NY,https://www.facebook.com/averillaussies/,@averillaussies,,"Breeder Carrie, Pine Bush NY, ASDR-registered",2026-07-15,new
toy-aussie,FB,Toy Australian Shepherds (group),https://www.facebook.com/groups/125305444198314/,group,,Breed-dedicated group,2026-07-15,new
toy-aussie,FB,Toy and Mini Australian Shepherd Size Variations (group),https://www.facebook.com/groups/837889829591939/,group,,Active size-variation discussion group,2026-07-15,new
toy-aussie,IG,Azzie Toy Aussie,https://www.instagram.com/azzie_toy_aussie/,@azzie_toy_aussie,,Pet account,2026-07-15,new
toy-aussie,IG,Dakota The Toy Aussie,https://www.instagram.com/dakota_thetoyaussie/,@dakota_thetoyaussie,"1,772","Blue merle, Phoenix AZ",2026-07-15,new
toy-aussie,IG,Ember,https://www.instagram.com/embertoyaussie/,@embertoyaussie,420K,"""Fun-sized aussie"" — biggest toy-aussie pet account found",2026-07-15,new
toy-aussie,IG,Koda & Keelie,https://www.instagram.com/koda.toy.aussie/,@koda.toy.aussie,,Two-dog pet account,2026-07-15,new
toy-aussie,IG,Koda the Toy Aussie,https://www.instagram.com/koda.the.toy.aussie/,@koda.the.toy.aussie,,Pet account,2026-07-15,new
toy-aussie,IG,Lacie the Toy Aussie,https://www.instagram.com/laciethetoyaussie/,@laciethetoyaussie,,Pet account,2026-07-15,new
toy-aussie,IG,Misty's Toy Aussies,https://www.instagram.com/mistystoyaussies/,@mistystoyaussies,"7,172","Michigan toy/mini breeder, 2,626 posts",2026-07-15,new
toy-aussie,IG,Spark (Toy Aussie/Corgi mix),https://www.instagram.com/auggiespark/,@auggiespark,717,Mix pet account,2026-07-15,new
toy-aussie,IG,Toy AussieDoodles,https://www.instagram.com/toyaussiedoodles/,@toyaussiedoodles,"4,426",Toy aussiedoodle breeder (adjacent),2026-07-15,new
vizsla,FB,Dallas Vizslas - Rescue,https://www.facebook.com/DallasVizslas/,@DallasVizslas,,TX rescue,2026-07-15,new
vizsla,FB,Iowa Vizsla Rescue,https://www.facebook.com/p/Iowa-Vizsla-Rescue-100064551349783/,page,,Volunteer rescue,2026-07-15,new
vizsla,FB,New Hope Vizsla Rescue,https://www.facebook.com/www.newhopevizslarescue.org/,page,,PA/NJ/DE rescue page,2026-07-15,new
vizsla,FB,Santa Barbara Vizsla Rescue,https://www.facebook.com/SBVLR/,@SBVLR,,CA central-coast 501c3,2026-07-15,new
vizsla,FB,Vizsla (group),https://www.facebook.com/groups/vizslagroup/,group,,General breed group,2026-07-15,new
vizsla,FB,Vizsla Club of America,https://www.facebook.com/VizslaClubOfAmerica/,@VizslaClubOfAmerica,,Official parent-club page,2026-07-15,new
vizsla,FB,Vizsla Club of Greater Milwaukee,https://www.facebook.com/MilwaukeeVizsla/,@MilwaukeeVizsla,,"FB-only club; contact cdonze@wi.rr.com (high, fetched VCA directory)",2026-07-15,new
vizsla,FB,Vizsla International (group),https://www.facebook.com/groups/VizslaInternational/,group,,International breed group,2026-07-15,new
vizsla,FB,Vizsla Lovers (group),https://www.facebook.com/groups/vizslalovers/,group,,Fan group,2026-07-15,new
vizsla,FB,Vizsla Owners (group),https://www.facebook.com/groups/vizsladogowners/,group,,Large public owners group,2026-07-15,new
vizsla,FB,Vizsla Rescue (charity),https://www.facebook.com/VizslaRescuecharity/,@VizslaRescuecharity,,Rescue charity page,2026-07-15,new
vizsla,FB,Vizsla Rescue for Southern CA,https://www.facebook.com/VizslaRescueSoCal/,@VizslaRescueSoCal,,VCA-recognized,2026-07-15,new
vizsla,FB,Vizsla Rescue of Texas,https://www.facebook.com/VizslaRescueofTexas/,@VizslaRescueofTexas,,TX rescue,2026-07-15,new
vizsla,FB,Vizslamentés UK Rescue Trust,https://www.facebook.com/VizslamentesUK/,@VizslamentesUK,,UK arm of Hungarian rescue charity (Cardiff),2026-07-15,new
vizsla,IG,Antoine Sanz Vizsla Kennel,https://www.instagram.com/antoine.sanz.vizsla.kennel/,@antoine.sanz.vizsla.kennel,"7,673","Argentine kennel, 14 yrs in breed",2026-07-15,new
vizsla,IG,India the Vizsla,https://www.instagram.com/india.the.vizsla/,@india.the.vizsla,18K,Individual dog account,2026-07-15,new
vizsla,IG,Shadow & Sigyn,https://www.instagram.com/huskyvizsla/,@huskyvizsla,,Vizsla + husky duo,2026-07-15,new
vizsla,IG,Vizsla Feed,https://www.instagram.com/vizslafeed/,@vizslafeed,,Feature/repost community page (DM submissions),2026-07-15,new
vizsla,IG,Vizsla L.O.V.E,https://www.instagram.com/vizsla.l.o.v.e/,@vizsla.l.o.v.e,14K,Daily vizsla fan content,2026-07-15,new
vizsla,IG,Vizsla Rescue SoCal,https://www.instagram.com/vizslarescuesocal/,@vizslarescuesocal,"1,357",Run by South Coast Vizsla Club,2026-07-15,new
vizsla,IG,Vizsla Tales,https://www.instagram.com/vizsla.tales/,@vizsla.tales,"8,245",Hunting vizslas (German-language content),2026-07-15,new
vizsla,IG,Vizslas of Instagram,https://www.instagram.com/vizslasofinstagram/,@vizslasofinstagram,66K,Feature/fan page (#vizslasofinstagram101),2026-07-15,new
vizsla,IG,Waffles the Vizsla,https://www.instagram.com/waffles_the_vizsla/,@waffles_the_vizsla,206K,"2024 Dog Awards ""Vizsla of the Year"" — great hook",2026-07-15,new
